,Paired Skills,Salary
0,".Net,Machine Learning",124792
1,"MATLAB,Machine Learning",123957
2,"Git,Machine Learning",121008
3,"Machine Learning,Shell Scripting",120367
4,"Machine Learning,SAS",119980
5,"Machine Learning,Software Development",118236
6,"Machine Learning,Microsoft SQL Server",116797
7,"Machine Learning,Spark",116612
8,"Machine Learning,Oracle",115217
9,"Hive,Machine Learning",115177
10,"JavaScript,Machine Learning",113539
11,".Net,Shell Scripting",112377
12,"MATLAB,Shell Scripting",111908
13,"Machine Learning,SQL",111842
14,"Hadoop,Machine Learning",111759
15,"MATLAB,SAS",111561
16,".Net,MATLAB",111378
17,"Git,MATLAB",111243
18,"C/C++,Machine Learning",110698
19,"Machine Learning,R",110593
20,".Net,SAS",110485
21,".Net,Git",110311
22,"Data Analysis,Machine Learning",109907
23,"Data Science,Machine Learning",109377
24,"Business Intelligence,Machine Learning",109065
25,"Kafka,Machine Learning",108996
26,Machine Learning,108996
27,"Machine Learning,TensorFlow",108996
28,"Cassandra,Machine Learning",108996
29,"HBase,Machine Learning",108893
30,"Machine Learning,Natural Language Processing",108689
31,"Git,Shell Scripting",108257
32,"MATLAB,Software Development",108182
33,"MATLAB,Spark",108137
34,".Net,Microsoft SQL Server",108097
35,"Azure,Machine Learning",108069
36,"Java,Machine Learning",108037
37,"MATLAB,Oracle",108012
38,"MATLAB,Microsoft SQL Server",107514
39,".Net,Spark",107470
40,".Net,Oracle",107402
41,"AI,Machine Learning",107217
42,".Net,Software Development",106989
43,"SAS,Shell Scripting",106944
44,"Git,SAS",106641
45,"Big Data,Machine Learning",106607
46,"Machine Learning,MongoDB",106595
47,"Linux,Machine Learning",106408
48,"Shell Scripting,Software Development",105485
49,"Hive,MATLAB",105459
50,"Machine Learning,Scala",105235
51,"Oracle,Shell Scripting",105216
52,".Net,Hive",104687
53,"Machine Learning,SPSS",104600
54,"Microsoft SQL Server,SAS",104379
55,"Shell Scripting,Spark",104346
56,"Git,Microsoft SQL Server",104130
57,"Machine Learning,Scripting",104086
58,"Git,Spark",103986
59,"Machine Learning,Microsoft Office",103939
60,"SAS,Software Development",103870
61,"SAS,Spark",103766
62,"JavaScript,MATLAB",103652
63,"Oracle,SAS",103600
64,"Git,Software Development",103551
65,"Git,Oracle",103282
66,"Hive,Shell Scripting",103065
67,".Net,JavaScript",102920
68,"AWS,Machine Learning",102690
69,"Microsoft SQL Server,Shell Scripting",102439
70,"MATLAB,Python",102439
71,"MATLAB,SQL",102077
72,"Hadoop,MATLAB",101994
73,".Net,Python",101640
74,"Hive,SAS",101450
75,"Machine Learning,Perl",101364
76,"Microsoft SQL Server,Software Development",101358
77,"Software Development,Spark",101214
78,"Data Science,Git",101197
79,".Net,Hadoop",101194
80,".Net,SQL",101146
81,"Git,Hive",101131
82,"Microsoft SQL Server,Oracle",101089
83,"Microsoft SQL Server,Spark",100962
84,"Oracle,Spark",100945
85,"MATLAB,R",100828
86,"Machine Learning,Tableau",100777
87,"JavaScript,Shell Scripting",100759
88,"Machine Learning,S3",100717
89,"Oracle,Software Development",100510
90,"Data Analysis,MATLAB",100035
91,".Net,R",100028
92,"MATLAB,Tableau",99776
93,"Data Science,MATLAB",99724
94,"Machine Learning,MySQL",99684
95,"Data Warehouse,Machine Learning",99663
96,".Net,Data Analysis",99259
97,"Cassandra,MATLAB",99230
98,"Kafka,MATLAB",99230
99,"MATLAB,TensorFlow",99230
100,MATLAB,99230
101,"Python,Shell Scripting",99200
102,"Business Intelligence,MATLAB",99138
103,"HBase,MATLAB",99128
104,"SQL,Shell Scripting",99091
105,"Git,JavaScript",98825
106,".Net,Data Science",98812
107,".Net,Business Intelligence",98759
108,"MATLAB,Natural Language Processing",98696
109,".Net,Tableau",98669
110,"Machine Learning,Python",98603
111,".Net,Cassandra",98431
112,.Net,98431
113,".Net,Kafka",98431
114,".Net,TensorFlow",98431
115,"JavaScript,SAS",98420
116,"Hive,Microsoft SQL Server",98418
117,"Hive,Software Development",98360
118,".Net,HBase",98328
119,"Java,MATLAB",98272
120,"Hadoop,Shell Scripting",98145
121,"Hive,Oracle",98090
122,".Net,Natural Language Processing",97896
123,"R,Shell Scripting",97842
124,"C/C++,MATLAB",97733
125,"Business Intelligence,SAS",97670
126,"Machine Learning,Project Management",97600
127,"C/C++,Shell Scripting",97555
128,"Git,Python",97519
129,".Net,Java",97472
130,"Big Data,MATLAB",97249
131,"MATLAB,MongoDB",97231
132,"Data Analysis,Shell Scripting",97156
133,"Git,Hadoop",97074
134,"Excel,Machine Learning",96778
135,"Linux,MATLAB",96755
136,"JavaScript,Microsoft SQL Server",96632
137,"Data Science,Shell Scripting",96626
138,"Business Intelligence,Shell Scripting",96607
139,"Shell Scripting,Tableau",96483
140,".Net,Big Data",96450
141,".Net,MongoDB",96431
142,"JavaScript,Spark",96421
143,"Python,SAS",96385
144,"MATLAB,Microsoft Office",96276
145,"C/C++,SAS",96248
146,"C/C++,Git",96246
147,"Kafka,Shell Scripting",96245
148,"Shell Scripting,TensorFlow",96245
149,Shell Scripting,96245
150,"Cassandra,Shell Scripting",96245
151,"R,SAS",96227
152,"HBase,Shell Scripting",96142
153,"JavaScript,Software Development",96053
154,".Net,C/C++",96028
155,"MATLAB,Scala",95977
156,"Git,R",95908
157,".Net,Linux",95843
158,"Python,Spark",95796
159,"JavaScript,Oracle",95783
160,"Natural Language Processing,Shell Scripting",95710
161,"Machine Learning,NoSQL",95574
162,"Data Analysis,SAS",95540
163,"Microsoft SQL Server,Python",95327
164,"Java,Shell Scripting",95286
165,"Data Analysis,Git",95221
166,"Data Science,SAS",95010
167,"Microsoft SQL Server,SQL",94964
168,"Hadoop,Microsoft SQL Server",94881
169,"SAS,Tableau",94868
170,"Business Intelligence,Git",94673
171,SAS,94629
172,"Kafka,SAS",94629
173,"Cassandra,SAS",94629
174,"SAS,TensorFlow",94629
175,"MATLAB,Scripting",94625
176,"Python,Software Development",94600
177,"HBase,SAS",94526
178,"MATLAB,SPSS",94483
179,".Net,Scala",94420
180,"SQL,Software Development",94322
181,"Git,Kafka",94311
182,"Git,TensorFlow",94311
183,"Cassandra,Git",94311
184,Git,94311
185,"Hadoop,Software Development",94302
186,"Linux,Shell Scripting",94278
187,"Big Data,Shell Scripting",94264
188,"MongoDB,Shell Scripting",94245
189,"Git,HBase",94208
190,"Oracle,Scripting",94178
191,"Natural Language Processing,SAS",94094
192,"Hadoop,Oracle",94033
193,".Net,SPSS",93874
194,"Git,Natural Language Processing",93776
195,"C/C++,Spark",93771
196,"Microsoft SQL Server,R",93715
197,"MATLAB,NoSQL",93701
198,"Java,SAS",93670
199,"C/C++,Microsoft SQL Server",93669
200,"Hive,JavaScript",93633
201,"Oracle,Python",93630
202,".Net,Scripting",93624
203,"R,Spark",93571
204,"Hive,Spark",93507
205,"Git,Java",93352
206,"Java,Microsoft SQL Server",93303
207,"SQL,Spark",93266
208,"C/C++,Oracle",93205
209,".Net,Microsoft Office",93172
210,"R,Software Development",93137
211,"Data Analysis,Microsoft SQL Server",93029
212,"Hadoop,SAS",92993
213,".Net,NoSQL",92902
214,"Data Analysis,Spark",92885
215,"C/C++,Software Development",92884
216,"Oracle,R",92867
217,"Big Data,SAS",92667
218,"MongoDB,SAS",92629
219,"AI,MATLAB",92567
220,"Data Science,Microsoft SQL Server",92499
221,"Data Science,Spark",92451
222,"Data Analysis,Software Development",92450
223,"Git,MongoDB",92396
224,"Business Intelligence,Microsoft SQL Server",92375
225,"Microsoft SQL Server,Tableau",92356
226,"AWS,MATLAB",92353
227,"Big Data,Git",92329
228,"Scala,Shell Scripting",92234
229,"Data Analysis,Oracle",92180
230,"Business Intelligence,Oracle",92134
231,"Microsoft SQL Server,TensorFlow",92118
232,Microsoft SQL Server,92118
233,"Cassandra,Microsoft SQL Server",92118
234,"Kafka,Microsoft SQL Server",92118
235,"Linux,SAS",92041
236,"HBase,Microsoft SQL Server",92015
237,"Kafka,Spark",91974
238,"Cassandra,Spark",91974
239,"Spark,TensorFlow",91974
240,Spark,91974
241,"Hive,SQL",91965
242,".Net,AI",91941
243,"Data Science,Software Development",91920
244,"HBase,Spark",91913
245,"Business Intelligence,Software Development",91902
246,"Hadoop,Hive",91882
247,"Scripting,Shell Scripting",91778
248,"Software Development,Tableau",91724
249,"Git,Linux",91722
250,"Spark,Tableau",91691
251,"SPSS,Shell Scripting",91688
252,"Data Science,Oracle",91651
253,"MATLAB,Perl",91599
254,"Microsoft SQL Server,Natural Language Processing",91583
255,Software Development,91539
256,"Software Development,TensorFlow",91539
257,"Cassandra,Software Development",91539
258,"Kafka,Software Development",91539
259,"Oracle,Tableau",91508
260,"Natural Language Processing,Spark",91439
261,"HBase,Software Development",91436
262,".Net,AWS",91421
263,"Machine Learning,PostgreSQL",91308
264,"S3,SAS",91286
265,"Cassandra,Oracle",91269
266,Oracle,91269
267,"Kafka,Oracle",91269
268,"Oracle,TensorFlow",91269
269,"HBase,Oracle",91166
270,"C/C++,Hive",91054
271,"Natural Language Processing,Software Development",91004
272,"Microsoft Office,Shell Scripting",90986
273,"MATLAB,S3",90952
274,".Net,Perl",90843
275,"Java,Spark",90767
276,"Natural Language Processing,Oracle",90735
277,"Hive,R",90717
278,"NoSQL,Shell Scripting",90716
279,"SAS,Scala",90618
280,"Java,Software Development",90580
281,"Oracle,SQL",90528
282,"Data Warehouse,MATLAB",90464
283,"Azure,MATLAB",90417
284,"Microsoft Office,SAS",90378
285,"MySQL,Oracle",90335
286,"Java,Oracle",90311
287,"Git,Scala",90300
288,"Hadoop,JavaScript",90284
289,".Net,S3",90152
290,"Big Data,Microsoft SQL Server",90136
291,"Microsoft SQL Server,MongoDB",90118
292,"MATLAB,MySQL",90092
293,"Azure,Oracle",90071
294,"Data Analysis,Hive",90030
295,"JavaScript,Python",90021
296,"AI,Shell Scripting",90018
297,"MongoDB,Spark",89974
298,"Git,SQL",89757
299,"Git,SPSS",89754
300,"SAS,Scripting",89719
301,"JavaScript,SQL",89659
302,".Net,Azure",89618
303,"Big Data,Software Development",89558
304,"Big Data,Spark",89557
305,"MongoDB,Software Development",89539
306,"Linux,Microsoft SQL Server",89529
307,"Data Science,Hive",89500
308,"Business Intelligence,Hive",89482
309,"Git,Scripting",89401
310,"Linux,Spark",89386
311,"Hive,Tableau",89357
312,".Net,Data Warehouse",89352
313,"Big Data,Oracle",89288
314,"MongoDB,Oracle",89270
315,"AWS,Shell Scripting",89235
316,"Git,NoSQL",89121
317,"Hive,Kafka",89119
318,"Cassandra,Hive",89119
319,"Hive,TensorFlow",89119
320,Hive,89119
321,".Net,MySQL",89119
322,"Git,Microsoft Office",89052
323,"HBase,Hive",89016
324,"Hadoop,Spark",89004
325,"Linux,Software Development",88951
326,"C/C++,JavaScript",88747
327,"Business Intelligence,Spark",88706
328,"Linux,Oracle",88681
329,"Perl,Shell Scripting",88613
330,"Hive,Natural Language Processing",88584
331,"Python,SQL",88354
332,"NoSQL,SAS",88291
333,"NoSQL,Spark",88272
334,"Python,R",88235
335,"MATLAB,Project Management",88221
336,"Hive,Java",88160
337,"JavaScript,R",88158
338,"Microsoft SQL Server,Scala",88107
339,"Business Intelligence,SQL",87977
340,"S3,Shell Scripting",87966
341,"AI,SAS",87965
342,"Scala,Spark",87894
343,"Data Analysis,JavaScript",87723
344,"AI,Git",87647
345,"Microsoft SQL Server,SPSS",87561
346,"AWS,SAS",87553
347,"Scala,Software Development",87528
348,"Hive,Python",87446
349,"C/C++,Python",87442
350,"Azure,Shell Scripting",87432
351,"SPSS,Spark",87417
352,"Microsoft SQL Server,Scripting",87367
353,"AWS,Git",87301
354,"Oracle,Scala",87258
355,"Business Intelligence,JavaScript",87175
356,".Net,Project Management",87157
357,"Big Data,Hive",87138
358,"Hive,MongoDB",87119
359,"C/C++,SQL",87080
360,"Perl,SAS",86998
361,"SPSS,Software Development",86982
362,"MySQL,Shell Scripting",86933
363,"Data Warehouse,Shell Scripting",86912
364,"Microsoft Office,Microsoft SQL Server",86859
365,"Hadoop,Python",86845
366,"Cassandra,JavaScript",86812
367,"JavaScript,TensorFlow",86812
368,JavaScript,86812
369,"JavaScript,Kafka",86812
370,"Data Science,JavaScript",86738
371,"MongoDB,Tableau",86738
372,"Microsoft Office,Spark",86715
373,"Oracle,SPSS",86713
374,"HBase,JavaScript",86709
375,"Git,Perl",86679
376,"Scripting,Software Development",86629
377,"Microsoft SQL Server,NoSQL",86588
378,"Git,Tableau",86527
379,"Data Analysis,SQL",86513
380,"C/C++,Hadoop",86478
381,"Hadoop,R",86473
382,"Data Analysis,Python",86418
383,"Scripting,Spark",86401
384,"Hive,Linux",86386
385,"Microsoft Office,Tableau",86344
386,"Microsoft Office,Software Development",86280
387,"JavaScript,Natural Language Processing",86278
388,"Hadoop,SQL",86151
389,"SAS,SQL",86031
390,"NoSQL,Software Development",86010
391,"R,SQL",85945
392,"Data Science,Python",85888
393,"Business Intelligence,Python",85870
394,"Java,JavaScript",85854
395,"C/C++,R",85831
396,"Data Analysis,Hadoop",85760
397,"Python,Tableau",85746
398,"NoSQL,Oracle",85740
399,"Data Science,Hadoop",85717
400,"JavaScript,Tableau",85563
401,"Data Science,SQL",85526
402,"Kafka,Python",85507
403,"Java,Python",85507
404,Python,85507
405,"Python,TensorFlow",85507
406,"Cassandra,Python",85507
407,"Azure,Git",85497
408,"AI,Microsoft SQL Server",85454
409,"Business Intelligence,Hadoop",85424
410,"HBase,Python",85404
411,"AWS,Spark",85392
412,"MySQL,SAS",85317
413,"Hadoop,Tableau",85300
414,"Data Warehouse,SAS",85296
415,"S3,Spark",85286
416,"SQL,Tableau",85168
417,"Business Intelligence,R",85153
418,"SQL,TensorFlow",85145
419,SQL,85145
420,"Cassandra,SQL",85145
421,"Kafka,SQL",85145
422,"C/C++,Data Analysis",85144
423,"Hive,Scala",85108
424,"AWS,Microsoft SQL Server",85108
425,"Hadoop,Kafka",85062
426,"Hadoop,TensorFlow",85062
427,Hadoop,85062
428,"Cassandra,Hadoop",85062
429,"HBase,SQL",85042
430,"AI,Spark",85024
431,"Data Warehouse,Git",84978
432,"Natural Language Processing,Python",84973
433,"HBase,Hadoop",84959
434,"AI,Software Development",84875
435,"Project Management,Shell Scripting",84849
436,"Big Data,JavaScript",84831
437,"JavaScript,MongoDB",84812
438,"Git,MySQL",84811
439,"Data Analysis,R",84807
440,"C/C++,Data Science",84708
441,"Natural Language Processing,SQL",84610
442,"AI,Oracle",84606
443,"Hive,SPSS",84562
444,"AWS,Oracle",84553
445,"AWS,Software Development",84529
446,"Hadoop,Natural Language Processing",84527
447,"Business Intelligence,C/C++",84521
448,"Machine Learning,Pig",84498
449,"Microsoft SQL Server,Perl",84486
450,"C/C++,Tableau",84472
451,"Perl,Spark",84342
452,"Python,SPSS",84281
453,"Data Science,R",84277
454,C/C++,84233
455,"C/C++,Kafka",84233
456,"C/C++,TensorFlow",84233
457,"C/C++,Cassandra",84233
458,"JavaScript,Linux",84224
459,"Java,SQL",84186
460,"Business Intelligence,Data Science",84136
461,"R,Tableau",84135
462,"C/C++,HBase",84130
463,"Hadoop,Java",84103
464,"R,TensorFlow",83896
465,R,83896
466,"Cassandra,R",83896
467,"Kafka,R",83896
468,"Excel,R",83876
469,"Hive,Microsoft Office",83860
470,"Microsoft SQL Server,S3",83839
471,"Data Warehouse,Microsoft SQL Server",83807
472,"HBase,R",83793
473,"Git,Project Management",83776
474,"Excel,MATLAB",83708
475,"C/C++,Natural Language Processing",83699
476,"SPSS,SQL",83661
477,"Oracle,Perl",83638
478,"Hive,NoSQL",83590
479,"Data Analysis,Data Science",83590
480,"Big Data,Python",83526
481,"MongoDB,Python",83507
482,"Data Warehouse,Oracle",83466
483,"Data Analysis,Tableau",83448
484,"Hadoop,MongoDB",83436
485,"Azure,SAS",83408
486,"Natural Language Processing,R",83361
487,"Azure,Microsoft SQL Server",83304
488,"C/C++,Java",83275
489,"S3,Software Development",83260
490,"Oracle,S3",83225
491,Data Analysis,83209
492,"Data Analysis,Kafka",83209
493,"Data Analysis,TensorFlow",83209
494,"Cassandra,Data Analysis",83209
495,"Big Data,SQL",83164
496,"Azure,Spark",83161
497,"MongoDB,SQL",83145
498,"Data Analysis,HBase",83106
499,"Project Management,SAS",83003
500,"Java,R",82938
501,"Data Science,Tableau",82918
502,"Business Intelligence,Tableau",82900
503,"Microsoft SQL Server,MySQL",82806
504,"JavaScript,Scala",82801
505,"Azure,Software Development",82726
506,"Data Science,TensorFlow",82679
507,Data Science,82679
508,"Data Science,Kafka",82679
509,"Cassandra,Data Science",82679
510,"Data Analysis,Natural Language Processing",82675
511,"MySQL,Spark",82662
512,"Business Intelligence,Kafka",82661
513,Business Intelligence,82661
514,"Business Intelligence,Cassandra",82661
515,"Business Intelligence,TensorFlow",82661
516,"Data Warehouse,Spark",82641
517,"Hive,Scripting",82579
518,"Data Science,HBase",82576
519,"Business Intelligence,HBase",82558
520,"Big Data,Hadoop",82544
521,Tableau,82537
522,"Tableau,TensorFlow",82537
523,"Kafka,Tableau",82537
524,"Cassandra,Tableau",82537
525,"Hadoop,Linux",82474
526,"AI,Hive",82455
527,"HBase,Tableau",82434
528,"AWS,Python",82415
529,"Cassandra,Kafka",82298
530,Kafka,82298
531,"Cassandra,TensorFlow",82298
532,Cassandra,82298
533,TensorFlow,82298
534,"Kafka,TensorFlow",82298
535,"JavaScript,SPSS",82256
536,"Big Data,C/C++",82252
537,"Data Analysis,Java",82251
538,"C/C++,MongoDB",82233
539,"MySQL,Software Development",82227
540,"Data Warehouse,Software Development",82206
541,"HBase,TensorFlow",82195
542,"HBase,Kafka",82195
543,"Cassandra,HBase",82195
544,HBase,82195
545,"Linux,SQL",82189
546,"Data Science,Natural Language Processing",82145
547,"Business Intelligence,Natural Language Processing",82126
548,"AWS,Hive",82109
549,"Natural Language Processing,Tableau",82002
550,"Big Data,R",81915
551,"JavaScript,Scripting",81903
552,"MongoDB,R",81896
553,"Data Science,MongoDB",81873
554,"C/C++,Linux",81832
555,"Natural Language Processing,TensorFlow",81764
556,"Cassandra,Natural Language Processing",81764
557,Natural Language Processing,81764
558,"Kafka,Natural Language Processing",81764
559,"Data Science,Java",81721
560,"Business Intelligence,Java",81703
561,"MATLAB,PostgreSQL",81678
562,"HBase,Natural Language Processing",81661
563,"Java,Tableau",81578
564,"JavaScript,Microsoft Office",81554
565,"Python,Scala",81496
566,"SAS,SPSS",81490
567,"Hive,Perl",81487
568,"Java,Kafka",81340
569,Java,81340
570,"Java,TensorFlow",81340
571,"Cassandra,Java",81340
572,"Hive,S3",81313
573,"Linux,R",81308
574,"JavaScript,NoSQL",81283
575,"Excel,Shell Scripting",81247
576,"HBase,Java",81237
577,"Big Data,Data Analysis",81228
578,"Data Analysis,MongoDB",81209
579,"Linux,Python",81196
580,"Business Intelligence,Microsoft Office",81164
581,"SQL,Scala",81134
582,"Hadoop,Scala",81051
583,"Excel,Software Development",81018
584,"Big Data,Data Science",80952
585,".Net,PostgreSQL",80878
586,"Java,Natural Language Processing",80805
587,"Big Data,Business Intelligence",80727
588,"Microsoft SQL Server,Project Management",80721
589,"Microsoft Office,Oracle",80688
590,"Business Intelligence,MongoDB",80661
591,"Data Analysis,Linux",80621
592,"Python,Scripting",80597
593,"Project Management,Spark",80578
594,"Big Data,Tableau",80556
595,"Hadoop,NoSQL",80450
596,"Big Data,TensorFlow",80317
597,Big Data,80317
598,"Big Data,Cassandra",80317
599,"Big Data,Kafka",80317
600,"Azure,Hive",80306
601,MongoDB,80298
602,"MongoDB,TensorFlow",80298
603,"Kafka,MongoDB",80298
604,"Cassandra,MongoDB",80298
605,"Microsoft Office,Python",80249
606,"SQL,Scripting",80235
607,"C/C++,Scala",80222
608,"Big Data,HBase",80214
609,"HBase,MongoDB",80195
610,"Hadoop,SPSS",80176
611,"AI,JavaScript",80149
612,"Project Management,Software Development",80143
613,"Data Science,Linux",80091
614,"Business Intelligence,Linux",80073
615,"Hadoop,Scripting",80035
616,"Linux,Tableau",79949
617,"AWS,JavaScript",79918
618,"Microsoft Office,SQL",79886
619,"R,Scala",79885
620,"Hive,MySQL",79807
621,"Hadoop,Microsoft Office",79803
622,"Data Warehouse,Hive",79786
623,"NoSQL,Python",79783
624,"Big Data,Natural Language Processing",79782
625,"MongoDB,Natural Language Processing",79764
626,"Linux,TensorFlow",79710
627,Linux,79710
628,"Cassandra,Linux",79710
629,"Kafka,Linux",79710
630,"C/C++,SPSS",79677
631,"NoSQL,SQL",79616
632,"HBase,Linux",79607
633,"Oracle,PostgreSQL",79597
634,"Business Intelligence,Perl",79563
635,"Big Data,Java",79359
636,"Java,MongoDB",79340
637,"C/C++,Scripting",79324
638,"C/C++,Microsoft Office",79258
639,"Data Analysis,Scala",79198
640,"JavaScript,Perl",79181
641,"Linux,Natural Language Processing",79176
642,"AI,Python",79125
643,"Excel,SAS",79107
644,"MySQL,Python",79003
645,"R,Scripting",78986
646,"C/C++,NoSQL",78986
647,"R,SPSS",78961
648,"Excel,Git",78788
649,"Java,Linux",78752
650,"PostgreSQL,Shell Scripting",78692
651,"Data Science,Scala",78668
652,"Data Analysis,SPSS",78652
653,"Business Intelligence,Scala",78650
654,"Microsoft Office,R",78637
655,"Big Data,MongoDB",78622
656,"JavaScript,S3",78533
657,"Scala,Tableau",78526
658,"AI,SQL",78481
659,"AI,Hadoop",78398
660,"NoSQL,R",78367
661,Scala,78287
662,"Kafka,Scala",78287
663,"Cassandra,Scala",78287
664,"Scala,TensorFlow",78287
665,"Python,S3",78205
666,"HBase,Scala",78184
667,"AWS,SQL",78135
668,"Data Science,SPSS",78123
669,"Business Intelligence,SPSS",78104
670,"AWS,Hadoop",78052
671,"Natural Language Processing,Scala",78003
672,"Business Intelligence,Scripting",78002
673,"Azure,JavaScript",77999
674,"SPSS,Tableau",77980
675,"Data Analysis,Microsoft Office",77951
676,"Data Analysis,Scripting",77895
677,"AWS,Business Intelligence",77883
678,"Data Science,Scripting",77770
679,"SPSS,TensorFlow",77742
680,SPSS,77742
681,"Kafka,SPSS",77742
682,"Cassandra,SPSS",77742
683,"Big Data,Linux",77729
684,"Perl,Python",77728
685,"Hive,Project Management",77723
686,"Linux,MongoDB",77710
687,"Data Analysis,NoSQL",77680
688,"HBase,SPSS",77639
689,"AWS,R",77630
690,"AI,C/C++",77570
691,"Scripting,Tableau",77562
692,"JavaScript,MySQL",77501
693,"Data Warehouse,JavaScript",77480
694,"Perl,SQL",77450
695,"Hadoop,Perl",77430
696,"Data Science,Microsoft Office",77421
697,"Data Warehouse,Tableau",77399
698,"Scripting,TensorFlow",77388
699,"Kafka,Scripting",77388
700,Scripting,77388
701,"Cassandra,Scripting",77388
702,"Java,Scala",77329
703,"HBase,Scripting",77286
704,"JavaScript,Project Management",77280
705,"AI,R",77232
706,"AWS,C/C++",77224
707,"Natural Language Processing,SPSS",77207
708,"Data Science,NoSQL",77150
709,"Business Intelligence,NoSQL",77132
710,"Cassandra,Microsoft Office",77040
711,"Microsoft Office,TensorFlow",77040
712,Microsoft Office,77040
713,"Kafka,Microsoft Office",77040
714,"Excel,SQL",77019
715,"Data Warehouse,SQL",77014
716,"NoSQL,Tableau",77008
717,"PostgreSQL,SAS",76974
718,"HBase,Microsoft Office",76937
719,"S3,SQL",76866
720,"Natural Language Processing,Scripting",76854
721,"Java,SPSS",76783
722,"Cassandra,NoSQL",76769
723,"NoSQL,TensorFlow",76769
724,"Kafka,NoSQL",76769
725,NoSQL,76769
726,"Excel,Oracle",76734
727,"Azure,Python",76694
728,"HBase,NoSQL",76666
729,"Hadoop,S3",76663
730,"Data Warehouse,Python",76604
731,"Business Intelligence,Data Analysis",76582
732,"AI,Data Analysis",76546
733,"Microsoft Office,Natural Language Processing",76505
734,"Java,Scripting",76430
735,"AWS,S3",76386
736,"Azure,SQL",76332
737,"Big Data,Scala",76306
738,"MongoDB,Scala",76287
739,"Perl,R",76265
740,"Azure,Hadoop",76249
741,"Oracle,Project Management",76234
742,"Natural Language Processing,NoSQL",76234
743,"AWS,Data Analysis",76199
744,"C/C++,S3",76116
745,"Java,Microsoft Office",76081
746,"MongoDB,SPSS",76060
747,"Data Science,Perl",76052
748,"AI,Data Science",76016
749,"C/C++,Perl",76012
750,"AI,Business Intelligence",75997
751,"AI,Tableau",75873
752,"MySQL,SQL",75833
753,"Java,NoSQL",75811
754,"Excel,Spark",75794
755,"Big Data,SPSS",75760
756,"Hadoop,MySQL",75750
757,"MongoDB,Scripting",75747
758,"Data Warehouse,Hadoop",75729
759,"Linux,Scala",75699
760,"AWS,Data Science",75670
761,"AI,TensorFlow",75635
762,"AI,Kafka",75635
763,AI,75635
764,"AI,Cassandra",75635
765,"R,S3",75617
766,"Data Analysis,Perl",75578
767,"AI,HBase",75532
768,"Data Science,S3",75460
769,"Azure,C/C++",75420
770,"Big Data,Scripting",75407
771,"AWS,Kafka",75289
772,"AWS,Cassandra",75289
773,AWS,75289
774,"AWS,TensorFlow",75289
775,"AWS,HBase",75186
776,"Linux,SPSS",75153
777,"AI,Natural Language Processing",75100
778,"Azure,R",75083
779,"Business Intelligence,S3",75067
780,"Big Data,Microsoft Office",75058
781,"Microsoft Office,MongoDB",75040
782,"AWS,Scala",75038
783,"Git,S3",74946
784,"Data Analysis,S3",74930
785,"C/C++,MySQL",74922
786,"Perl,Tableau",74905
787,"C/C++,Data Warehouse",74900
788,"MATLAB,Pig",74861
789,"AWS,Natural Language Processing",74803
790,"Linux,Scripting",74800
791,"Big Data,NoSQL",74788
792,"MongoDB,NoSQL",74769
793,"AI,Java",74676
794,"Perl,TensorFlow",74667
795,"Kafka,Perl",74667
796,"Cassandra,Perl",74667
797,Perl,74667
798,"Excel,Microsoft SQL Server",74586
799,"MySQL,R",74584
800,"Microsoft SQL Server,PostgreSQL",74565
801,"HBase,Perl",74564
802,"Data Warehouse,R",74563
803,"Linux,Microsoft Office",74451
804,"PostgreSQL,Spark",74421
805,"Azure,Data Analysis",74396
806,"AWS,Java",74330
807,"S3,Tableau",74258
808,".Net,Pig",74225
809,"Linux,NoSQL",74181
810,"Natural Language Processing,Perl",74132
811,"AWS,Tableau",74082
812,"Kafka,S3",74019
813,"S3,TensorFlow",74019
814,S3,74019
815,"Cassandra,S3",74019
816,"Hadoop,Project Management",73997
817,"PostgreSQL,Software Development",73986
818,"HBase,S3",73916
819,"Project Management,Python",73914
820,"Data Analysis,MySQL",73898
821,"Data Analysis,Data Warehouse",73877
822,"Azure,Data Science",73866
823,"Azure,Business Intelligence",73848
824,"AI,Big Data",73784
825,"SPSS,Scala",73731
826,"Azure,Tableau",73724
827,"Java,Perl",73708
828,"AI,MongoDB",73635
829,"Git,PostgreSQL",73606
830,"Excel,Hive",73597
831,"Azure,Cassandra",73485
832,"Natural Language Processing,S3",73485
833,"Azure,TensorFlow",73485
834,"Azure,Kafka",73485
835,Azure,73485
836,"AI,Linux",73452
837,"Project Management,SQL",73411
838,"Azure,HBase",73382
839,"Scala,Scripting",73377
840,"Data Science,MySQL",73368
841,"Business Intelligence,MySQL",73349
842,"Data Science,Data Warehouse",73347
843,"Business Intelligence,Data Warehouse",73328
844,"Project Management,Tableau",73325
845,"AWS,Big Data",73307
846,"AWS,MongoDB",73289
847,"Big Data,S3",73202
848,"Microsoft Office,Scala",73029
849,"Cassandra,MySQL",72987
850,"MySQL,TensorFlow",72987
851,"Kafka,MySQL",72987
852,MySQL,72987
853,Data Warehouse,72966
854,"Data Warehouse,TensorFlow",72966
855,"Cassandra,Data Warehouse",72966
856,"Data Warehouse,Kafka",72966
857,"Azure,Natural Language Processing",72951
858,"HBase,MySQL",72884
859,"Data Warehouse,HBase",72863
860,"Microsoft Office,SPSS",72783
861,"NoSQL,Scala",72758
862,"C/C++,Project Management",72701
863,"AWS,Linux",72700
864,"Big Data,Perl",72686
865,"MongoDB,Perl",72667
866,"SPSS,Scripting",72619
867,"MySQL,Natural Language Processing",72452
868,"Data Warehouse,Natural Language Processing",72431
869,"NoSQL,SPSS",72212
870,"Microsoft Office,Scripting",72130
871,"Linux,Perl",72079
872,"Project Management,R",72063
873,"Java,MySQL",72028
874,"MongoDB,S3",72020
875,"Data Warehouse,Java",72007
876,"Java,S3",71980
877,"Excel,Python",71926
878,"NoSQL,Scripting",71859
879,"Data Analysis,Project Management",71813
880,"Azure,Big Data",71783
881,"Pig,Shell Scripting",71747
882,"Business Intelligence,Project Management",71741
883,"Linux,S3",71634
884,"AI,Scala",71624
885,"Hive,PostgreSQL",71566
886,"Microsoft Office,NoSQL",71510
887,"Azure,MongoDB",71485
888,"Data Science,Project Management",71283
889,"AI,SPSS",71078
890,"Perl,SPSS",71014
891,"Big Data,MySQL",71005
892,"Big Data,Data Warehouse",70984
893,"Data Warehouse,MongoDB",70966
894,"Azure,Java",70930
895,Project Management,70902
896,"Cassandra,Project Management",70902
897,"Project Management,TensorFlow",70902
898,"Kafka,Project Management",70902
899,"Azure,Linux",70897
900,"PostgreSQL,Python",70891
901,"Big Data,Excel",70823
902,"HBase,Project Management",70799
903,"AWS,SPSS",70732
904,"AI,Scripting",70725
905,"Perl,Scala",70656
906,"MySQL,Tableau",70498
907,"S3,Scala",70497
908,"Perl,Software Development",70438
909,"Linux,MySQL",70399
910,"AWS,Scripting",70379
911,"Data Warehouse,Linux",70377
912,"AI,Microsoft Office",70376
913,"Natural Language Processing,Project Management",70368
914,"Excel,JavaScript",70138
915,"Pig,SAS",70131
916,"AI,NoSQL",70105
917,"Azure,Scala",70072
918,"AWS,Microsoft Office",70030
919,"MongoDB,MySQL",69999
920,"Java,Project Management",69944
921,"AWS,NoSQL",69759
922,"Perl,Scripting",69757
923,"Excel,Hadoop",69539
924,"Git,Pig",69511
925,"S3,SPSS",69463
926,"Microsoft Office,MySQL",69412
927,"Microsoft Office,Perl",69408
928,"JavaScript,PostgreSQL",69259
929,"NoSQL,Perl",69138
930,"S3,Scripting",69110
931,"MySQL,Scala",69092
932,"MySQL,NoSQL",68996
933,"Data Warehouse,Scala",68955
934,"Azure,SPSS",68928
935,"Big Data,Project Management",68921
936,"MongoDB,Project Management",68902
937,"NoSQL,S3",68830
938,"Microsoft Office,S3",68761
939,"C/C++,Excel",68711
940,"AI,AWS",68625
941,"Data Warehouse,Scripting",68618
942,"Azure,Scripting",68575
943,"MySQL,SPSS",68430
944,"Data Warehouse,SPSS",68409
945,"Linux,Project Management",68314
946,"Azure,Microsoft Office",68226
947,"MySQL,Scripting",68077
948,"AI,Perl",68003
949,"Azure,NoSQL",67956
950,"Data Warehouse,Microsoft Office",67707
951,"Data Analysis,Excel",67687
952,"AWS,Perl",67657
953,"Hadoop,PostgreSQL",67509
954,"Data Warehouse,NoSQL",67436
955,"AI,S3",67356
956,"Microsoft SQL Server,Pig",67355
957,"PostgreSQL,SQL",67270
958,"AWS,Azure",67170
959,"Data Science,Excel",67157
960,"Business Intelligence,Excel",67139
961,"Pig,Software Development",67041
962,"Excel,Tableau",67015
963,"Project Management,Scala",66891
964,"AI,Azure",66822
965,"Excel,Kafka",66776
966,"Cassandra,Excel",66776
967,Excel,66776
968,"Excel,TensorFlow",66776
969,"Oracle,Pig",66772
970,"C/C++,PostgreSQL",66680
971,"Excel,HBase",66673
972,"AWS,MySQL",66642
973,"PostgreSQL,Tableau",66400
974,"Perl,S3",66388
975,"Project Management,SPSS",66345
976,"PostgreSQL,R",66343
977,"AI,MySQL",66323
978,"AI,Data Warehouse",66302
979,"Excel,Natural Language Processing",66241
980,"Project Management,Scripting",65992
981,"AWS,Data Warehouse",65956
982,"Azure,Perl",65854
983,"Excel,Java",65818
984,"NoSQL,Project Management",65755
985,"Data Analysis,PostgreSQL",65656
986,"Data Science,PostgreSQL",65359
987,"MySQL,Perl",65355
988,"Data Warehouse,Perl",65334
989,"Pig,Spark",65237
990,"Azure,S3",65206
991,"Business Intelligence,PostgreSQL",65108
992,"PostgreSQL,TensorFlow",64745
993,"Cassandra,PostgreSQL",64745
994,PostgreSQL,64745
995,"Kafka,PostgreSQL",64745
996,"Excel,MongoDB",64700
997,"Data Warehouse,S3",64687
998,"HBase,PostgreSQL",64642
999,"MySQL,S3",64642
1000,"Azure,Data Warehouse",64560
1001,"Azure,MySQL",64518
1002,"Excel,Linux",64299
1003,"AI,Project Management",64239
1004,"Natural Language Processing,PostgreSQL",64211
1005,"AWS,Project Management",63892
1006,"Java,PostgreSQL",63787
1007,"Data Warehouse,Project Management",63737
1008,"Hive,Pig",63657
1009,"Data Warehouse,MySQL",63654
1010,".Net,Excel",63621
1011,"Perl,Project Management",63271
1012,"Excel,Microsoft Office",63201
1013,"Microsoft Office,Project Management",63139
1014,"MySQL,Project Management",62807
1015,"Excel,Scala",62765
1016,"Big Data,PostgreSQL",62764
1017,"Project Management,S3",62623
1018,"Data Warehouse,Excel",62522
1019,"Azure,Project Management",62497
1020,"MongoDB,PostgreSQL",62255
1021,"Excel,SPSS",62219
1022,"Linux,PostgreSQL",62157
1023,"JavaScript,Pig",62085
1024,"Excel,Scripting",62009
1025,"Excel,NoSQL",61247
1026,"Hadoop,Pig",61180
1027,"PostgreSQL,Scala",60734
1028,"Pig,SQL",60647
1029,"Pig,Python",60589
1030,"Excel,MySQL",60277
1031,"C/C++,Pig",60244
1032,"PostgreSQL,SPSS",60189
1033,"AI,Excel",60112
1034,"AI,PostgreSQL",60043
1035,"PostgreSQL,Scripting",59835
1036,"NoSQL,PostgreSQL",59799
1037,"AWS,Excel",59766
1038,"Microsoft Office,PostgreSQL",59487
1039,"Pig,R",59399
1040,"Excel,Perl",59320
1041,"Data Warehouse,PostgreSQL",59061
1042,"Data Analysis,Pig",58712
1043,"AWS,PostgreSQL",58491
1044,"Pig,Tableau",58039
1045,"Azure,Excel",57963
1046,"Cassandra,Pig",57801
1047,"Kafka,Pig",57801
1048,Pig,57801
1049,"Pig,TensorFlow",57801
1050,"Data Science,Pig",57775
1051,"HBase,Pig",57698
1052,"Business Intelligence,Pig",57636
1053,"Natural Language Processing,Pig",57266
1054,"Perl,PostgreSQL",57114
1055,"PostgreSQL,S3",56895
1056,"Java,Pig",56842
1057,"Excel,S3",56395
1058,"Big Data,Pig",56304
1059,"MySQL,PostgreSQL",56131
1060,"Azure,PostgreSQL",55932
1061,"MongoDB,Pig",55801
1062,"Linux,Pig",55429
1063,"Pig,Scripting",54116
1064,"PostgreSQL,Project Management",53891
1065,"Pig,Scala",53790
1066,"Pig,SPSS",53244
1067,"Microsoft Office,Pig",52542
1068,"Excel,PostgreSQL",52496
1069,"NoSQL,Pig",52272
1070,"Perl,Pig",52257
1071,"AI,Pig",51137
1072,"AWS,Pig",50791
1073,"Pig,S3",49522
1074,"Azure,Pig",48988
1075,"Excel,Project Management",48722
1076,"MySQL,Pig",48489
1077,"Data Warehouse,Pig",48468
1078,"Pig,Project Management",47125
1079,"Excel,Pig",42279
1080,"Pig,PostgreSQL",40591
