"Python,SQL,R,Tableau"
"SQL,R,Spark,Big-Data,AWS"
"Python,SQL,R,Hadoop,Tableau,Hive,SAS,Big-Data,Linux"
"Python,SQL,R,Java,Tableau,Oracle"
"Python,SQL,R"
"Python,SQL,R,Java,SAS"
R
"SQL,R"
"SQL,R"
"Python,SQL,R"
"Python,SQL,R"
"Python,SQL,R"
"R,Tableau"
R
"R,Tableau"
"Python,SQL,R,Big-Data,Scala,NoSQL"
"Python,SQL,R"
"Python,SQL,Machine-Learning,R,Java,Tableau,SAS,Natural-Language-Processing"
"Python,SQL,Tableau"
"SQL,R,Tableau"
"R,SAS,Microsoft-Office"
"SQL,R"
R
R
"Python,SQL,R,Hadoop,Spark,Hive,AWS,Pig"
"Python,SQL,R,Java,Tableau,C/C++"
"SQL,R,SAS,MATLAB"
"Python,SQL,R,Java,Tableau,C/C++"
R
"SQL,R,Tableau"
R
"SQL,R,Tableau"
"SQL,R"
R
"SQL,SAS"
"Python,SQL,R,NoSQL"
"Python,SQL,R,Tableau,Oracle"
"SQL,R"
"Python,SQL,Tableau"
"Python,SQL,R,Tableau"
"SQL,R,Tableau,SAS,Scripting"
"Python,SQL,R,Spark,Tableau"
"SQL,Tableau"
"Python,SQL,R"
"SQL,R"
"Python,SQL,R,SAS,Microsoft-Office"
"SQL,R"
"Python,SQL,R,Java,Tableau,AWS,Data-Analysis"
"SQL,R"
"Python,SQL,R,SAS"
"Python,SQL,R"
"Python,SQL,R,Tableau"
"SQL,R"
"Python,SQL,R,Tableau"
"Python,SQL,R,Scala"
"SQL,R,Oracle"
"Python,SQL,R,Tableau,SAS,AWS"
R
"SQL,Tableau"
R
"Python,SQL,R,Java"
"Python,SQL,R,Microsoft-Office"
"SQL,R"
R
"Python,SQL,R"
"Python,SQL,R,Tableau"
"SQL,R,Oracle"
"SQL,R"
"R,Tableau"
"Python,SQL,R"
"SQL,R"

"R,Microsoft-Office"
"Python,R"
R
"Python,SQL,R,Tableau"
"R,Microsoft-Office"
"Python,SQL,R,Spark,Tableau"
R
"SQL,R,Tableau"
"Python,R"
"Python,SQL,Machine-Learning,R,Java,Tableau,AWS,Scala,AI,Microsoft-Office"
"Python,SQL,R,Java,Tableau,Oracle"
R
"Python,SQL,R,Hadoop,Spark,Hive,AWS"
"Python,SQL,R,Spark,Java,Tableau,SAS,AI"
"SQL,R"
"SQL,R,Data-Analysis"
"SQL,R,Oracle"
"SQL,Tableau"
"Python,SQL,R,Tableau"
"Python,SQL,R,Tableau,SAS"
"SQL,R,SAS,AI"
"SQL,R"
"R,AI"
"SQL,R"
"Python,SQL,R"
R
"Python,SQL,R,Oracle"
"Python,SQL"
"Python,SQL,R,Tableau,SAS,AWS"
"SQL,R"
"Python,SQL,R,Tableau"
"Python,SQL,R,Java,Tableau,AWS,Data-Analysis"
"R,Tableau"
"SQL,R,Data-Analysis"
R
"SQL,R,Tableau,SAS"
"SQL,R,Tableau,Oracle,Linux,Microsoft-Office"
"Python,SQL,Machine-Learning,R,AI,Azure"
"SQL,R,Oracle"
"R,Tableau"
"SQL,R,Oracle"
"SQL,R,SAS"
"Python,SQL,R,Java,Tableau"
"SQL,R"
"Python,SQL,R"
R
R
"Python,SQL,R,Linux"
"SQL,R,Java"
"R,AI"
"SQL,R,Hadoop,Java,Tableau,SAS,Microsoft-Office"
"Python,SQL,R,Tableau"
R
"Python,SQL,R,Tableau"
"R,Tableau"
"Python,SQL,R"
"Python,R"
"SQL,R"
"Python,SQL,R,Tableau"
"SQL,R,Tableau"
"R,Tableau,SAS,Microsoft-Office"
"Python,R"
"SQL,R,Tableau,Data-Analysis"
"Python,SQL,R,Tableau,SAS"
R
"SQL,R,Tableau"
"Python,SQL,R,Oracle"
"R,SAS,AI"
R
"Python,SQL,R,Oracle"
"SQL,R,Hadoop,Tableau,Hive"
"Python,SQL,R"
"Python,SQL,R"
R
"Python,SQL,R,Hadoop,Tableau,SAS"
R
"Python,SQL,R,Microsoft-Office"
"Python,SQL,R,Spark,Tableau"
R
"Python,SQL,R,Java,SAS"
R
R
R
"SQL,R,SAS"
R
"R,AWS,Data-Analysis"
"Python,SQL,Machine-Learning,R,Java,Tableau,SAS,Natural-Language-Processing"
"SQL,Tableau"
R
Data-Analysis
"Python,SQL,R,Tableau"
R
"SQL,R,Tableau"
R
"SQL,R,Oracle"
R
"SQL,R,Microsoft-Office"
"SQL,R,SAS"
"Python,SQL,R,SAS"
R
"R,SAS"
"SQL,R,Java"
"SQL,R,Oracle"
"Python,SQL,R,Java,Oracle"
"SQL,R"
"R,Data-Analysis"
R

"SQL,R"
"R,Tableau,Oracle,Microsoft-Office"
"Python,SQL,R,Tableau"
"SQL,R"
"Python,R,Tableau"
"SQL,R,Oracle"
"Python,SQL,R,Java,Tableau"
"SQL,R,Big-Data"
"SQL,R"
"Python,SQL,R"
"R,Tableau"
"SQL,R,Tableau"
"SQL,R,Tableau,NoSQL"
"Python,SQL,R,Java"
"SQL,R"
R
"SQL,R,Tableau,Data-Warehouse"
"R,Microsoft-Office"
R
"Python,SQL,R,Tableau,Big-Data,Oracle,Data-Analysis,Azure"
"Python,SQL,R,Java,Tableau"
"Python,R,AWS"
"SQL,R,Java"
"Python,SQL,R,Tableau,AWS"
"SQL,R"
"SQL,R"
"R,Data-Analysis"
"SQL,R,Data-Warehouse"
"SQL,R"
"Python,SQL,R,Spark,Java,Tableau,Big-Data,AWS,Scala,NoSQL,Oracle,Azure"
SQL
"SQL,R,Data-Warehouse"
"Python,SQL,R,Tableau"
"SQL,R,Microsoft-Office"
"Python,SQL,R"
R
"R,Spark"
"SQL,Java,SAS"
R
"Python,SQL,R,Tableau"
"SQL,R,Data-Analysis"
"Python,SQL,R,Tableau"
"R,SAS,Microsoft-Office"
R
"SQL,R"
"SQL,R,SAS"
"SQL,R"
"R,Microsoft-Office"
"Python,SQL,R,Hadoop,Spark,Java,Tableau,Hive"
"SQL,R,Tableau,AWS"
R
"Python,SQL,R,Tableau"
"Python,SQL,R,Hadoop,Spark,Hive,AWS,Pig"
"SQL,R"
"R,Data-Analysis"
"Python,SQL,R,SAS"
"SQL,R,SAS,Oracle"
Tableau
"Python,SQL,R"
"SQL,R,Tableau,Oracle"
"Python,R,SAS,Scala"
"Python,SQL,R"
"R,MATLAB,Microsoft-Office"
"Python,SQL,R,SAS"
R
"SQL,R,Tableau"
"SQL,R"
R
R
Tableau
"SQL,R,SAS,Oracle"
"SQL,R,Java,SAS,Oracle,Microsoft-Office"
"R,Tableau"
"SQL,R"
R
R
R
"SQL,R,SAS"
R
"SQL,R"
"Python,SQL,R,Hadoop,Spark,Java,Tableau,Hive"
"SQL,R,Tableau,AWS"
"R,Microsoft-Office"
R
"Python,SQL,R,Tableau"
"Python,SQL,R,Tableau"
"Python,SQL,R,Tableau,Linux"
"Python,SQL,R,Tableau,SAS,TensorFlow"
R
"Python,SQL,R,Hadoop,Spark,Hive,AWS,Pig"
"R,Tableau"
"R,Data-Warehouse"
"R,Data-Analysis"
"SQL,R"
"SQL,R,SAS,Oracle"
"Python,SQL,R,SAS"
Tableau
"Python,SQL,R"
"Python,R,SAS,Scala"
"SQL,R,SAS,Oracle"
"R,Tableau"
"Python,SQL,R"
"SQL,R,Tableau,Oracle"
"Python,SQL,R,SAS"
R
R
"SQL,SAS"
"SQL,R,Tableau,SAS,Oracle,Azure"
"Python,SQL,R,NoSQL"
"SQL,R,Microsoft-Office"
"R,MATLAB,Microsoft-Office"
"SQL,R"
"R,Microsoft-Office"
"SQL,R,Tableau"
Tableau
"Python,SQL,R,Java,Tableau,Data-Warehouse"
"SQL,R,Data-Warehouse"
R
R
"Python,SQL,R,SAS"
"SQL,R,Java,SAS,Oracle,Microsoft-Office"
"Python,SQL,R,SAS,AWS,Oracle"
"R,Hadoop,Oracle"
"R,SAS"
"R,Tableau,Oracle"
"SQL,Oracle"
"Python,SQL,R,Tableau"
R
"SQL,R,SAS,Oracle"
R
"R,SAS"
"R,Tableau"
"Python,SQL,Machine-Learning,R,Java,Tableau,SAS,Natural-Language-Processing"
"SQL,R"
"SQL,R,SAS"
"R,Tableau"
R
"SQL,R,Oracle"
"SQL,R"
R
"SQL,R,Tableau,SAS"
"R,Spark,Microsoft-Office"
"Python,R,Java,Tableau"
R

"SQL,R,Tableau,Data-Warehouse"
"R,SAS,Oracle"
"SQL,R,Tableau"
"Python,SQL,R"
AI
R
"SQL,R,Data-Analysis"
R
"SQL,R,Java,SAS,NoSQL,Azure"
R
"SQL,R,Data-Warehouse"
"Python,SQL,R"
R
"R,Oracle,AI"
"Python,SQL,R,Tableau"
"Python,SQL,R,SAS"
"R,Big-Data"
"Python,SQL,R,Spark,Tableau,Big-Data"
"Python,SQL,R,Tableau,SAS"
R
"SQL,R,AWS,Data-Analysis"
R
"Python,SQL,R,Spark"
"Python,SQL,R,Tableau,Oracle,Microsoft-SQL-Server,Azure,Microsoft-Office"
"Python,SQL,R"
"Python,SQL,R,Tableau"
"SQL,R"
"SQL,R,SAS"
"R,Tableau"
"SQL,AWS"
"Python,SQL,R,Tableau"
R
"SQL,R"
R
R
"SQL,R,Java,SAS"
"SQL,R,Tableau,Microsoft-Office"
"Python,SQL,R"
"SQL,R"
"Python,SQL,R"
"Python,SQL,R,Java,Tableau,SAS"
"SQL,R"
"SQL,R,SAS"
"Python,SQL,R,Java"
"SQL,Tableau,SAS"
"Python,SQL,Machine-Learning,R,Tableau,AI,Data-Analysis"
R
"SQL,R,Oracle,Scripting"
"R,Tableau"

R
R

"SQL,R,SAS"
R
R
"Python,R"
"SQL,R,SAS"
"SQL,R,Tableau,NoSQL"
"Python,SQL,R,Tableau"
"Python,SQL,R,SAS"
"Python,SQL,R,Tableau,SAS,Scala"
"SQL,R,Tableau"
"Python,SQL,R"
"SQL,R"
"SQL,R"
"Python,SQL,R,Tableau,Oracle,Data-Warehouse,Microsoft-SQL-Server,Scripting"
R
"SQL,R"
"SQL,R,SAS,Oracle,Data-Warehouse"
"SQL,R"
"SQL,R"
"Python,SQL,R,Tableau,SAS,Oracle,AI"
"Python,SQL,R,Java,Tableau"
R
"Python,SQL,R,Hadoop,Tableau,SAS,NoSQL,Oracle"
"Python,SQL,R,Tableau,AWS,AI"
"R,Microsoft-Office"
"SQL,R,SAS"
"Python,SQL,R,Tableau,Oracle,Microsoft-SQL-Server,Azure,Microsoft-Office"
R
"Python,R,Hadoop,Tableau"
"SQL,R,Tableau,SAS"
"R,Microsoft-Office"
"SQL,R,Tableau"
"R,Spark"
"SQL,R,AWS,Oracle,Data-Warehouse,Azure"
"SQL,R,Tableau,Data-Warehouse"
"SQL,R,Tableau"
"Python,R,AWS"
R
"Python,SQL,R,Tableau"
"Python,SQL,R,Tableau,AWS"
"SQL,R,SAS"
"SQL,R,Tableau"
R
R
R
R
R
"Python,R,Java"
"SQL,Machine-Learning,R"
"SQL,R,SAS,Oracle"
"SQL,R,Kafka"
"Python,SQL,R"
"SQL,R,Java,Oracle"
"R,Oracle"
"SQL,R,Tableau,Data-Warehouse"
"SQL,R,Oracle,Scripting"
"SQL,R,Tableau"
"Python,SQL,R"
"Python,SQL,R,Tableau,Big-Data"
R
"R,Tableau"
"SQL,R"
"SQL,R,Tableau"
"SQL,R,Tableau"
"SQL,Data-Analysis"
"SQL,R,Microsoft-Office"
R
"SQL,R,Tableau,Oracle"
Tableau
R
"R,Big-Data"
"R,Tableau,AI"
R
"SQL,R,SAS,Oracle"
R
"SQL,R,Data-Analysis"
"SQL,R,Oracle,Microsoft-SQL-Server"
"R,Tableau,AI"
"R,AI"
"Python,SQL,R"
R
"SQL,R,SAS,Oracle,Data-Warehouse"
"Python,SQL,R,Tableau"
"Python,SQL,R,Tableau,Oracle,Data-Warehouse,Microsoft-SQL-Server,Scripting"
R
"Python,SQL,R,Tableau,SAS,Oracle"
"Python,R,SAS,Scala"
"Python,SQL,R,Tableau"
"SQL,R,Hadoop,Hive"
"SQL,R,Tableau,Oracle"
"SQL,R"
"SQL,R,Tableau,SAS"
"Machine-Learning,R"
"SQL,R,SAS,Microsoft-Office"
"SQL,R,Data-Warehouse,Microsoft-Office"
"Python,SQL,R,Spark"
"SQL,R,Tableau,Oracle"
"Python,SQL,R,Spark,SAS,AWS"
"R,MATLAB,Microsoft-Office"
"SQL,R"
"Python,SQL,R,Spark,SAS,AWS"
R
"SQL,R,Oracle"
"R,AI"
"SQL,R,Oracle"
"Python,SQL,R,Hadoop,NoSQL,Oracle"
"Python,SQL,R"
R
"SQL,R"
SQL
"R,SAS,Oracle"
"Python,Machine-Learning,R,Hadoop,Spark,Tableau,SAS,Big-Data,AWS"
"SQL,R,Data-Analysis"
R
"R,Java"
"Python,SQL,R,Hadoop,Spark,Java,Hive,Scala,Kafka,Pig"
"SQL,R,Oracle"
"SQL,R,Hadoop,Spark,Hive,Big-Data,NoSQL,Oracle,Linux"