skill_Python,3325
skill_SQL,3104
skill_Machine Learning,2297
skill_R,2234
skill_Hadoop,1714
skill_Spark,1531
skill_Java,1480
skill_Tableau,1236
skill_Data Mining,1059
skill_Hive,966
skill_SAS,941
skill_Big Data,916
skill_AWS,883
skill_Scala,837
skill_NoSQL,607
skill_C/C++,577
skill_Natural Language Processing,570
skill_Oracle,526
skill_Data Warehouse,520
skill_Linux,490
skill_AI,479
skill_Microsoft SQL Server,476
skill_TensorFlow,465
skill_Kafka,456
skill_Data Analysis,448
skill_Azure,442
skill_MATLAB,418
skill_Microsoft Office,383
skill_Scripting,377
skill_Pig,349
skill_Git,336
skill_Microsoft Powerpoint,334
skill_Excel,331
skill_Design Experience,317
skill_JavaScript,309
skill_HBase,307
skill_Cassandra,289
skill_PostgreSQL,289
skill_MySQL,283
skill_Perl,283
skill_SPSS,278
skill_Software Development,271
skill_Shell Scripting,261
skill_Data Science,249
skill_Docker,238
skill_MongoDB,237
skill_.Net,221
skill_Project Management,220
skill_Business Intelligence,201
skill_S3,195
skill_Statisical Analysis,192
skill_C#,188
skill_Informatica,188
skill_Ruby,181
skill_Google Cloud Platform,179
skill_Elasticsearch,178
skill_Image Processing,177
skill_Power BI,177
skill_TS/SCI Clearance,175
skill_OOP,166
skill_Teradata,149
skill_Statistical Software,147
skill_Microsoft Access,145
skill_REST,145
skill_CI/CD,144
skill_Splunk,144
skill_Marketing,133
skill_JSON,128
skill_SDLC,125
skill_Jira,122
skill_Data Management,121
skill_Quantitative Analysis,121
skill_Leadership Experience,120
skill_Apache,118
skill_DynamoDB,118
skill_Jenkins,117
skill_XML,114
skill_SAP,112
skill_PHP,104
skill_Alteryx,100
skill_Time Management,97
skill_HTML5,96
skill_Visual Basic,93
skill_STATA,90
skill_QlikView,89
skill_Analysis Skills,87
skill_Solr,86
skill_Military Experience,84
skill_T-SQL,80
skill_Business Analysis,79
skill_Kubernetes,77
skill_Predictive Analytics,77
skill_Network,72
skill_Visio,67
skill_PL/SQL,64
skill_CI,63
skill_DB2,63
skill_Go,62
skill_CSS,58
skill_Cloud Computing,57
skill_Microsoft Word,57
skill_Pentaho,56
skill_GIS,54
skill_SVN,52
skill_Sentiment Analytics,52
skill_SharePoint,50
skill_Signal Processing,49
skill_Angular,47
skill_Confluence,47
skill_Crystal Reports,47
skill_Google Analytics,47
skill_Design Patterns,44
skill_Experimental Design,44
skill_Unit Testing,44
skill_Troubleshooting,43
skill_Weka,43
skill_Chef,41
skill_CompTIA Security+,39
skill_Database Administration,39
skill_IT Experience,39
skill_Maven,38
skill_Threading,37
skill_System Design,34
skill_Ansible,33
skill_PowerShell,33
skill_Redis,33
skill_Lucene,32
skill_Digital Marketing,28
skill_ERP Systems,28
skill_ArcGIS,27
skill_Node.js,27
skill_Salesforce CRM,27
skill_Build Automation,25
skill_CISSP,25
skill_React,25
skill_TFS,24
skill_ZooKeeper,24
skill_Information Security,23
skill_Management Experience,23
skill_Spring,23
skill_Visual Studio,23
skill_Accounting,22
skill_Red Hat Enterprise Linux,22
skill_Marketing Automation,21
skill_Service-Oriented Architecture,21
skill_Technical Writing,21
skill_Financial Modeling,18
skill_Kanban,18
skill_Martech,18
skill_SOAP,18
skill_Clojure,17
skill_SaaS,17
skill_Web Development,17
skill_Epic,16
skill_Intelligence Experience,16
skill_Management Consulting,16
skill_OBIEE,16
skill_Akka,15
skill_Mesos,15
skill_Test Automation,15
skill_Lean,14
skill_Minitab,14
skill_Omniture,14
skill_Operations Research,14
skill_Survey Design,14
skill_Attribution Modeling,13
skill_Bioinformatics,13
skill_Clinical Trials,13
skill_Customer Segmentation,13
skill_Google AdWords,13
skill_Performance Marketing,13
skill_Quantitative Research,13
skill_TCP,13
skill_Doubleclick,12
skill_Eclipse,12
skill_Multichannel Marketing,12
skill_PMP,12
skill_RMF,12
skill_Six Sigma Certification,12
skill_Software Testing,12
skill_Supervising Experience,12
skill_TCP/IP,12
skill_Telecommunication,12
skill_VMWare,12
skill_iOS,12
skill_Adobe Marketing,11
skill_Audits,11
skill_Hyperion,11
skill_IIS,11
skill_IaaS,11
skill_OpenStack,11
skill_Conversion Optimization,10
skill_MCSD,10
skill_Microsoft Windows Server,10
skill_NIST,10
skill_SSH,10
skill_Supply Chain Experience,10
skill_UI,10
skill_Control-M,9
skill_Facebook Advertising,9
skill_HDI Certification,9
skill_Haskell,9
skill_Load Balancing,9
skill_Sybase,9
"skill_""Drivers License""",8
skill_4G/LTE,8
skill_CentOS,8
skill_Cybersecurity,8
skill_Database Marketing,8
skill_DoD 8570,8
skill_HTTPS,8
skill_Identity And Access Management,8
skill_PaaS,8
skill_PeopleSoft,8
skill_Process Management,8
skill_Social Media Management,8
skill_Workday,8
skill_CPT Coding,7
skill_Compliance Management,7
skill_Customer Service,7
skill_FTP,7
skill_GraphQL,7
skill_ITIL,7
skill_Intelligence Community Experience,7
skill_Microsoft Project,7
skill_Project Planning,7
skill_Quality Management,7
skill_Qualtrics,7
skill_SPARQL,7
skill_Teaching Experience,7
skill_Tomcat,7
skill_Application Support,6
skill_Bootstrap,6
skill_Certified Internal Auditor,6
skill_Clinical Research,6
skill_Continuous Improvement,6
skill_DNS,6
skill_Distributed Control Systems,6
skill_Embedded Software,6
skill_Google Suite,6
skill_ICD Coding,6
skill_Mac OS,6
skill_Managed Care,6
skill_Marketing Mix Modeling,6
skill_NGINX,6
skill_Next Generation Sequencing,6
skill_PCI,6
skill_Project Management Methodology,6
skill_Puppet,6
skill_Qualitative Research,6
skill_Routing Protocols,6
skill_SOX,6
skill_SSL,6
skill_Salesforce Marketing Cloud,6
skill_Six Sigma,6
skill_Strategic Planning,6
skill_UX,6
skill_Ubuntu,6
skill_Windows,6
skill_CDISC Standards,5
skill_CPA,5
skill_Epidemiology,5
skill_FPGA,5
skill_IPsec,5
skill_Laboratory Experience,5
skill_MCSA,5
skill_Medical Terminology,5
skill_New Relic,5
skill_Objective-C,5
skill_PostGIS,5
skill_Process Improvement,5
skill_Programmable Logic Controllers,5
skill_Selenium,5
skill_Survival Analysis,5
skill_System Administration,5
skill_XSLT,5
skill_ADAS,4
skill_Active Directory,4
skill_Adobe Photoshop,4
skill_Ant,4
skill_E-Commerce,4
skill_Email Marketing,4
skill_Epic Certification,4
skill_HP ALM,4
skill_ICD-10,4
skill_ICD-9,4
skill_LDAP,4
skill_Lua,4
skill_Molecular Biology,4
skill_Project Implementation,4
skill_Project Leadership,4
skill_Swift,4
skill_VersionOne,4
skill_ Project / Program Management,3
skill_Aviation Experience,3
skill_Bilingual,3
skill_CAD,3
skill_CAD Software,3
skill_Certified Scrum Master,3
skill_Change Management,3
skill_Content Management Systems,3
skill_FISMA,3
skill_FedRAMP,3
skill_Fortran,3
skill_GAAP,3
skill_Hibernate,3
skill_IAT,3
skill_InVision,3
skill_JBoss,3
skill_Juniper,3
skill_LAMP Stack,3
skill_Lean Manufacturing,3
skill_Marketo,3
skill_Media Buying,3
skill_NFS,3
skill_Network Security,3
skill_Oracle EBS,3
skill_Process Engineering,3
skill_Process Mapping,3
skill_Product Demos,3
skill_Quality Control,3
skill_Sales Experience,3
skill_Technical Support,3
skill_WebSphere,3
skill_XQuery,3
skill_ACH,2
skill_AJAX,2
skill_APICS Certification,2
skill_Adobe Acrobat,2
skill_Adobe Creative Suite,2
skill_Biostatistics,2
skill_Business Process Reengineering,2
skill_CCNA,2
skill_CEH,2
skill_CGMP,2
skill_Cerner,2
skill_Coaching Experience,2
skill_Computer Graphics,2
skill_Design Controls,2
skill_Drupal,2
skill_Ember,2
skill_Financial Accounting,2
skill_Front-End Development,2
skill_GSEC,2
skill_IAT Level II,2
skill_IDS,2
skill_IVR,2
skill_Internal Audits,2
skill_JD Edwards,2
skill_Legal Research,2
skill_MCSE,2
skill_MPLS,2
skill_Magento,2
skill_Malware Analysis,2
skill_Medical Coding,2
skill_Medical Imaging,2
skill_Medical Insurance,2
skill_PPC Campaign Management,2
skill_Perforce,2
skill_RN,2
skill_Regulatory Reporting,2
skill_Retail Link,2
skill_Rust,2
skill_SQLite,2
skill_Transportation Management,2
skill_Unity,2
skill_WordPress,2
skill_iWork,2
skill_3G,1
skill_Acquisition Strategy,1
skill_Adobe InDesign,1
skill_Affiliate Marketing,1
skill_Agriculture,1
skill_Android,1
skill_B2B Sales,1
skill_BC/BE,1
skill_BGP,1
skill_Basic Computer Skills,1
skill_Business Management,1
skill_CCDA,1
skill_CCNA Security,1
skill_CCNP,1
skill_CFE,1
skill_CISM,1
skill_CPHQ,1
skill_CSSLP,1
skill_Calculus,1
skill_Calibration,1
skill_Cash Flow Analysis,1
skill_Cell Biology,1
skill_Certified Compensation Professional,1
skill_Certified Compliance And Ethics Professional,1
skill_Certified Information Systems Auditor,1
skill_Certified Management Accountant,1
skill_Certified Project Manager,1
skill_Chartered Financial Analyst,1
skill_Cisco Routers,1
skill_Clean Driving Record,1
skill_CompTIA Network+,1
skill_Conflict Management,1
skill_Cordova,1
skill_DHCP,1
skill_Ellucian,1
skill_Employee Evaluation,1
skill_Enrolled Agent,1
skill_Erlang,1
skill_FINRA License,1
skill_FIPS,1
skill_FileMaker,1
skill_Firewall,1
skill_GPEN,1
skill_Genetics,1
skill_Google Search Console,1
skill_Grant Writing,1
skill_Heroku,1
skill_HubSpot,1
skill_IAT Level I,1
skill_ICU,1
skill_IFRS,1
skill_ISO 9001,1
skill_Immunoassays,1
skill_Integrated Library System,1
skill_JNCIA,1
skill_LMRT,1
skill_LMS,1
skill_Learning Technology,1
skill_MCITP,1
skill_MCP,1
skill_MCTS,1
skill_Maya,1
skill_MicroStation,1
skill_NCQA Standards,1
skill_Network Engineering,1
skill_Network Infrastructure,1
skill_Nursing Experience,1
skill_OSPF,1
skill_Omnigraffle,1
skill_Pardot,1
skill_Payroll,1
skill_Pharmacy Residency,1
skill_Professional In Human Resources,1
skill_Program Management,1
skill_Project Engineering,1
skill_Public Relations,1
skill_Public Speaking,1
skill_RHCE,1
skill_RHIA,1
skill_RHIT,1
skill_Remote Access Software,1
skill_Research Laboratory Experience,1
skill_Responsive Web Design,1
skill_SEO,1
skill_SHRM Certified Professional,1
skill_SSCP,1
skill_Sailpoint,1
skill_Software Troubleshooting,1
skill_Solarwinds,1
skill_Struts,1
skill_Technical Project Management,1
skill_TestNG,1
skill_UltiPro,1
skill_Wireframing,1
skill_Xero,1
skill_openSUSE,1