"Python, SQL, R, Spark, Hive, AWS, Data Warehouse, Business Intelligence, Network"
"SQL, R, Excel, Network"
"R, Excel"
"R, Microsoft Office, Excel, Marketing"
R


R
"Python, SQL, R, Java, Tableau, AWS, Data Analysis, PostgreSQL, MySQL, S3, SaaS, SSH, Tomcat"
"R, Excel"
"R, Microsoft Office, Excel, Go"

R

"SQL, R, Marketing, CSS, WordPress"
"Software Development, .Net, C#, SharePoint"



"Python, SQL, R, Tableau, Linux, Go, CSS, GIS, Google Analytics, Omniture, Workday"


R
"SQL, R"
"Python, R, Excel"
"SQL, R, SAS, MATLAB, Data Science, Go"

"SQL, R, Excel"
"Python, SQL, R, Spark, SDLC"
"SQL, R, Microsoft Office, Excel, Project Management, Accounting"

"SQL, R, Tableau, Excel, Go"

"Python, SQL, R, Tableau, Excel, Go"






"Python, SQL, R, Tableau, Hive, Excel, Workday"





"Python, SQL, R, Java, Tableau, SAS, Excel"
"Python, SQL, R, Tableau, Microsoft Office, Excel"
"SQL, R, Tableau, Excel"

"Python, SQL, Tableau, Scala, Marketing"
"R, Excel, SPSS, Marketing, Go"
"SQL, R, Excel, Marketing, Go, Google Analytics"
"Python, SQL, Tableau, Excel, Business Intelligence, Go, Google Analytics"
"Python, SQL, R, Tableau, Go"

"SQL, R, Tableau, SAS, Excel, SPSS, Marketing"

"Python, SQL, R, Tableau, SAS, Excel, Microsoft Word, Operations Research"
"SQL, R, Excel"
"Python, SQL, R"
"Python, SQL, R, Excel"







"Python, SQL, R, Go, Google Analytics"
"SQL, R, Excel, SPSS, CI, Go, NIST"
"SQL, R, Tableau, Excel, Go, Google Analytics"
"Python, SQL, R, SAS, AI, Microsoft Office, Excel, IDS"
"R, Excel, Network"
"SQL, R, SAS, Microsoft Office, Excel"


"Python, SQL, R, Tableau, SAS, Excel"
"SQL, R, Excel, Visio, CI, SharePoint"
"R, Microsoft Office, Excel, UI"



"SQL, R"
"Python, SQL, R, Tableau, Excel"
"SQL, R, Tableau, Excel, Go"
"Python, SQL, R, Tableau"
"R, Excel, Quality Management"
"Python, SQL, Tableau, Google Cloud Platform, Go, Accounting"




"Python, R, Go"
"R, Network, UI"

"R, Excel, Perl, Epic"


"Python, SQL, R, Java, Tableau, Excel, Business Intelligence, Marketing, SaaS, Marketo"
"R, Excel, Accounting, Audits"
"SQL, R, Excel, Project Management, XML, Visio, Go, Application Support"
"Python, SQL, R, Tableau, Excel"
"R, Tableau, Excel, Perl, Business Intelligence, Data Management, Epic, Managed Care"
"SQL, R, Tableau, Excel, Business Intelligence, Go, iOS, Android"

R

"SQL, R, Hadoop, Java, Tableau, SAS, Microsoft Office, Excel, Go"
"Python, SQL, R, Scala, Excel"
"Python, SQL, AI, Excel, Data Science, Biostatistics"
"Python, SQL, R, Linux, Excel, CI, Accounting"
"Python, SQL, AI, Excel, Data Science, Biostatistics"
"Python, SQL, R, Hadoop, Tableau, Hive, SAS, Big Data, Linux, Marketing, Digital Marketing"


"Python, SQL, Machine Learning, R, Spark, SAS, Scala, MATLAB, Data Science, STATA"


"Python, SQL, R, Go, Google Analytics"

"Python, SQL, R, Tableau, Excel"
"Python, SQL, R, SAS, Excel"
"Python, SQL, R, Tableau, Excel, Business Intelligence, Go"
"Python, SQL, R, AWS, Data Science, S3, GIS, PostGIS"
"Data Analysis, Excel, Business Intelligence"
"Python, SQL, R, Marketing"
"Python, SQL, R, Tableau, Microsoft Office, Excel, SPSS, Go"

"Python, SQL, R, Excel"
"Python, SQL, R, Java, Tableau, Oracle, Excel, Go"
"R, Tableau, Excel, Business Intelligence, Jira, iOS"
"Python, R, Git, C#, Quantitative Research"

"SQL, R, SAS, Excel, Quality Management, Managed Care"
"Python, SQL, R, Hadoop, Tableau, SAS, AWS, Excel, SPSS, Business Intelligence, Informatica, Data Management, Apache, SAP, Predictive Analytics, OBIEE"

"SQL, R, Tableau, SAS, Scripting, SPSS"
"Python, R, Tableau, Informatica"
"Python, SQL, R, Excel, Data Science, SaaS"
"Python, SQL, R, Excel"
"Python, SQL, R, Tableau, Microsoft SQL Server, Microsoft Office, Excel, C#, PowerShell, Accounting"
"Python, SQL, R, Java, Tableau, Oracle, Excel"
"Python, SQL, R, Oracle, Excel, Go, Clojure"
"Python, SQL, R, SAS, Data Science"
"Python, SQL, R, Tableau, Microsoft Office, Excel, Salesforce CRM"

"Python, SQL, R, Excel, Project Management, Marketing, Business Management"
"SQL, R, Spark, Big Data, AWS, Data Science, Go, iOS, Android"

"Python, SQL, R, Excel"
"SQL, R, Oracle, Excel, SDLC"
"SQL, R, Tableau, Excel, Go"
"Python, SQL, R, Microsoft Office, Excel, SPSS, Visio, SEO"


"Python, SQL, Microsoft Office, Excel, Business Intelligence"
"Python, SQL, R, Java, Tableau, Oracle, Excel, JavaScript, Marketing, SAP, Digital Marketing"
"SQL, R, Business Intelligence"



"R, Excel, Business Management"
"SQL, R, Tableau, AI, Excel, SAP"

"R, Microsoft Office, Excel, Marketing"
"Python, SQL, R, Excel, Project Management, Marketing, Business Management"
"R, Microsoft Office, Excel"
"R, Marketing, SharePoint"

"R, Tableau, Go"


"R, Excel, Marketing, SAP, Go, React, Epic, PeopleSoft"
"R, Project Management"
"SQL, R, Excel, SPSS, CI, Go, NIST"
"R, SAS, Excel, Marketing"
"R, Excel, Microsoft Word, Accounting, Managed Care"




"SQL, R, Excel, UI"
R
"Python, SQL, R, Tableau, Data Science, Business Intelligence"
R

"R, Excel, Business Intelligence, Power BI, Medical Insurance, Business Management"



"SQL, R, Tableau"
"Python, SQL, R, Tableau, Excel, Data Science, Business Intelligence, Visio"
"SQL, R, Tableau, Marketing, CI, Go, Google Analytics"
"Python, SQL, Tableau, Excel, Business Intelligence, Go, Google Analytics"
"R, Microsoft Office, Excel, CI"


"SQL, R, AI, Business Intelligence"
"R, Excel, Visio, Microsoft Word, SharePoint"
"Python, SQL, R, SAS, Excel"


"Python, SQL, Tableau, Excel, Business Intelligence, Go, Google Analytics"
"R, Microsoft Office, Excel, Jira, Medical Insurance, Business Management"
"R, Tableau, Excel, SPSS, CI, UI, Business Management"
"R, Microsoft Office, Excel, CI"
"R, Tableau, Excel"

"Python, SQL, R, Tableau, Oracle, Excel, MySQL, C#, PHP, PL/SQL, Pentaho"
"Python, R, Data Analysis, Excel"
"SQL, R, Tableau, SAS, Excel, Network, PMP"
Business Analysis
"Python, SQL, R, AWS, Excel, Data Science, Business Intelligence, S3"
"Python, SQL, R, Java, Tableau, Oracle, JavaScript, MySQL, Power BI, CSS"

"SQL, R, Tableau, Azure, Excel, Marketing, Alteryx"
"SQL, R, Tableau, Marketing, SaaS"
"Python, SQL, R, Tableau, Excel"

"SQL, R, Tableau, Excel"

"SQL, R, Tableau, Excel, Go"
"R, Tableau, Excel, Perl, Business Intelligence, Data Management, Epic, Managed Care"
"R, Tableau, Excel, Perl, Business Intelligence, Data Management, Epic, Managed Care"
"SQL, R, SAS, AI, Excel, Marketing, Go"
"Python, SQL, AI, Excel, Data Science, Biostatistics"
"SQL, R, Tableau, SAS, Microsoft Office, Excel, SharePoint"
"Python, SQL, R, Tableau, AI"
"SQL, R, Tableau, Excel, Go"
"Python, SQL, R, Tableau"
"Python, SQL, R, Go, Google Analytics"
"R, Tableau, Microsoft Office, Excel, CI"
"R, Excel"
"SQL, R, Oracle, Teradata, DB2"
"SQL, R, Tableau, AWS, Business Intelligence"
"R, Excel"
"SQL, R, Excel, Go"
"Python, SQL, R, Tableau, Excel, Go, Google Analytics"
"R, Excel, Business Intelligence, Go"
"R, Excel, Accounting, UI, RN"

"R, Excel"
"SQL, R, Tableau, AI, Excel, SAP, Go"
"SQL, R, SAS, Clinical Trials, IDS"
"R, Excel, Accounting"
"SQL, Tableau, Business Intelligence"
"R, Excel, Accounting, UI, RN"
"R, Excel"
"Python, SQL, R, Tableau, Excel, Power BI"
"Python, SQL, R, Excel, Visio, GIS"

"R, Big Data, AI, Business Intelligence, Go"
"Python, SQL, R, Tableau, Data Science, Alteryx"

"Python, SQL, R, Excel"

"SQL, R, Tableau, Microsoft Office, Excel, Marketing, Marketo"
"SQL, R, Excel, Network, Visio, Epic, UI, ACH"

"SQL, R, AI"
"SQL, R, Tableau, SAS, Excel, ICD-9"
"SQL, SAS, Accounting, Business Management"

"R, Microsoft Office, Excel, Go"

"SQL, R, Tableau, SAS, Microsoft Office, Excel, Marketing, T-SQL, Quality Management, Biostatistics"
"SQL, R, Java, Excel, JavaScript, Business Intelligence, Go, Google Analytics"
"R, Tableau, Excel, Visio, Accounting"
"SQL, R, SAS, Excel"
"Python, SQL, R, Tableau, Excel, Ruby"

"R, Tableau, Excel, Power BI, Accounting"
"SQL, R, SAS, Microsoft Office, Excel, SPSS, STATA"
"R, Excel"
"R, AI"
"R, Microsoft Office, Excel"
"Python, SQL, R, Excel, Project Management, Marketing, Business Management"

"SQL, R, Data Science"

"R, Excel, Marketing, Network, Go, Omniture"
"R, Tableau, Excel, Project Management, Management Experience"
"R, Excel"

"R, Git, Excel, Go"

"R, Oracle, Excel, Business Analysis, Go, System Design, PMP, CPA, Oracle EBS"
"R, Microsoft Office, Excel, Power BI, Marketing, Go, Google Suite"

R
"Python, SQL, R, Tableau, SAS, AWS, Excel, Data Science, Marketing, Alteryx"


"SQL, R, Data Science, Business Intelligence, UI"
"Python, SQL, R, Tableau, Oracle, Microsoft SQL Server, Excel, MySQL, Business Intelligence, Power BI, Go, Google Analytics"



"SQL, R, Java, Oracle, Git, Excel, JavaScript, S3, Teradata, REST, XML, HTML5, DB2, CSS, Angular, React, SOAP, UI, Tomcat"
"SQL, R, Excel, Project Management, Jira, Visio, Confluence, SOX"
"SQL, R, Excel, Marketo"
"SDLC, Go, UI, UX"

"SQL, R, Tableau, AI, Excel, Marketing, Go, Google Analytics, Digital Marketing, Omniture"
"SQL, Tableau, Data Science, Go, UX"
"R, Excel, Perl, Epic"
"Python, SQL, Microsoft Office, Excel, Business Intelligence"
"SQL, R, Tableau, Excel, Business Intelligence, Network"

"R, Excel, UI, Customer Service"
"SQL, R, Excel, Accounting"

"Python, R, Excel, Data Management, Quantitative Analysis"
"Python, SQL, R, Java, Tableau, Excel, Ruby, Power BI"
"SQL, R, Tableau, Oracle, Linux, Microsoft Office, Excel, Business Intelligence, Marketing, Go, Google Analytics, Omniture"
"Python, SQL, R, Java, Tableau, Power BI"
"R, Excel, Marketing, Visio"
"R, Project Management, Jira, Go, Software Testing, Process Engineering"
"R, Excel, UI"
"SQL, R, Tableau, Excel, Go"
"R, Oracle, Excel, Marketing, SAP, Customer Service"
"R, Tableau, Excel, Marketing"
"Python, R, Tableau, Excel, Marketing"
"SQL, R, Excel, Business Intelligence, UI"
"SQL, R, Hadoop, Tableau, Hive, Excel"

"R, Tableau, Excel"

"Python, SQL, R, Java, Tableau, Oracle, Excel, JavaScript, Marketing, SAP, Digital Marketing"
"SQL, R, Tableau, Microsoft Office, Excel, Business Intelligence, CI, Go"


"R, Excel, SaaS"
"SQL, R, Tableau, Excel, Visio"


"R, Excel, Marketing, Go, Google Analytics, Google Search Console, SEO"

R
"SQL, R, Tableau, Data Warehouse, Business Intelligence, Power BI"
"R, Marketing"
"SQL, R, Tableau, Oracle, Excel, Marketing, UI"
"R, Excel, Windows"
"SQL, R, Data Analysis, Excel"
"Python, SQL, R"
"R, Go"
"R, Microsoft Office, Excel, Go"
"Python, SQL, R, Tableau, Excel, Business Intelligence, Omniture"


"Tableau, Excel, Business Intelligence"
"R, Excel, CI, Go"
"Excel, Business Analysis"
"SQL, R, Tableau, Excel, Business Intelligence"
"R, Oracle, Excel, Perl, CI, PeopleSoft"


"R, Excel, Go"
"R, Tableau, Excel"

"SQL, R, Tableau, Excel, Go"
"SQL, R, Oracle, Excel, Data Science, Business Intelligence, Microsoft Access, Business Analysis, Customer Service"

"SQL, R, Excel"
"Python, SQL, R, Java, Tableau, Git, JSON, Alteryx, PL/SQL, React"
"R, Data Analysis, Excel, Accounting"


"R, Excel, Accounting"
"R, Java, JavaScript, JSON, XML, Analysis Skills, Go, CSS, UI, UX, Drupal, Magento, WordPress, Conflict Management"
"R, Excel"
"R, Excel, Visio, CI"
R

"R, AI, Excel"
"R, Excel, Marketing, Visio, Epic, Epic Certification, RN"
R
"R, Epidemiology, Biostatistics"
"R, Marketing, SAP, Epic, Epic Certification"
"R, Excel, SDLC, UI"
"R, Excel, SDLC, UI"
"Python, SQL, R, Tableau, SAS, Excel, Power BI, Business Management"
"R, Excel, Marketing, Visio, CI"
"R, Excel"
"R, Excel, SDLC, Jira, Visio, UI"

"Python, SQL, Microsoft Office, Excel, Business Intelligence"
"R, Excel, SAP, Network, Accounting"
"R, Excel, Power BI"
"R, Excel, Marketing, CI"
R
"R, Excel, Software Development, Visio, CI, Go, UI"

"R, PMP"

"SQL, R, Excel, Software Development, SDLC, Business Analysis"


"R, Excel"
"R, Excel, SAP, SOX"
"SQL, R, Go, Accounting"
"SQL, R, Tableau, Excel, Business Intelligence, Go, Hyperion, Google Suite"
"R, Excel"

"R, PMP"
"R, Excel"

"R, Data Management"
"Python, SQL, Java, C/C++, Excel"
R

"R, Accounting"

"SQL, R, SAS, Excel, XML, Workday, FTP"
"SQL, R, Data Warehouse, Excel"



"R, Marketing, Network, Go, Customer Service, Managed Care"
"R, AI, UI"

"Python, R, Excel"
"SQL, R, Excel"
"R, Excel, Marketing, Visio, CI, RN"

"R, Excel"
"Python, R, Git, Data Science"
"R, Microsoft Office, Excel, Accounting"
"R, Tableau, Excel, SDLC"
"R, Excel, SAP, Network, Accounting"
"R, Excel, Accounting, RN"




"Python, SQL, R, PostgreSQL, MongoDB"

"R, Excel, Data Management"


"R, Data Management, Accounting, Regulatory Reporting, IFRS"
"R, Data Science"
"Python, SQL, R, SAS, AI, Excel, XML, IDS"

"Python, SQL, R, Tableau, Oracle, Excel, MySQL, Go, SEO"

"R, Excel, Go"
"R, Marketing, Network, Go, Customer Service, Managed Care"
"R, Power BI"

"SQL, R, Tableau, Excel"
"R, Excel, CI, Accounting, Customer Service, Financial Accounting, Payroll"
"Python, R"
"Python, R"
R
"SQL, R, SAS, Biostatistics"
"R, SAS, Epidemiology, Biostatistics"
"Python, SQL, R, Java, Tableau, Linux, Perl, Teradata, Windows"
"Python, SQL, R, Java, JavaScript, Google Cloud Platform, Go"
R

"R, Excel"
"Python, R, Java, Tableau, Excel, JavaScript"
"Python, SQL, R, Oracle, Excel, JSON, XML, Go"
"R, Marketing"
"R, Excel"
"Python, SQL, R, NoSQL, ICD-10"
R
R
"Python, SQL, R, Excel, GIS, Accounting"
"SQL, R, SAS, AI, Excel, SPSS, Operations Research"
"R, Microsoft Office, Excel"

"SQL, R, SAS, Excel, SPSS, UI"
"SQL, R, SAS, Excel, CI"
"SQL, R, Tableau, Microsoft Office, Excel"
"R, SAS, AI, Excel, Epidemiology, IDS"
"Python, SQL, R, Java, SAS, Excel, Visual Basic, Operations Research"
"R, Excel, UI"
"Python, SQL, R, Excel, GIS"
"R, Excel, Go"
"SQL, R, Tableau, Marketing, Visio, Go"
"R, Microsoft Office, Excel"

"Python, Data Analysis, Excel"
"Python, R, AI, TensorFlow, Data Science, CI, Workday, RN"
"R, Excel"


"R, Excel, Data Management, CI"
"R, Spark, Microsoft Office, Excel, Marketing, Data Management, CI, Digital Marketing, CPA"
"SQL, Oracle, Business Analysis"
"R, Big Data"
"SQL, R, SAS, Excel, ICD-10, ICD-9"
"R, Data Management, Go"
"Python, SQL, R, Microsoft Office, Excel, Project Management, Quality Management"
"SQL, R, Tableau, AWS, Excel, CI, Unity"
R

"Python, SQL, R, Tableau, Excel, SPSS, Data Science, Business Intelligence, Power BI, Marketing"
"R, Git, Excel, Go"
"SQL, R, Data Warehouse, Excel, JSON"


"R, Microsoft Office, Excel"

"Python, SQL, R, AI, Excel, Workday, RN"
"R, Tableau, Excel, Six Sigma"
"R, SAS, Excel, Biostatistics"
R
"Python, R, Java, Tableau, Excel, JavaScript"


"R, Microsoft Office, Excel, SAP, CI, Payroll"
"SQL, R, Excel, Go"

"R, RN"
"Python, SQL, R, Tableau, Excel, Data Science"
"Python, SQL, R, Excel, Informatica"
"Python, SQL, R, Microsoft Office, Excel"
"SQL, SAS, Excel"
"Python, SQL, R, Excel"

"Python, SQL, R, Hadoop, Tableau, Excel"

"R, Tableau, Excel, Data Management, Workday"

"Python, SQL, R, Tableau, SAS, Excel, Go, Clinical Research"
"SQL, R, Excel, Go, FTP"

R
"R, Data Science, Business Intelligence, Epic"
"R, Network, UI"
"Python, SQL, R, Excel, Visio, Audits"
"R, SAS, MATLAB"
"R, Tableau, Excel, Marketing, Data Management, Network, Go, Google Analytics, FTP, Marketo, SEO"
"R, Marketing"
"R, Tableau, Data Science, Business Intelligence, Power BI, Marketing, Go, Google Analytics, Public Relations"
"R, Excel, SDLC, Business Analysis, CI, Go, Troubleshooting"
"R, Excel, Marketing, Pardot"
"R, Data Management, Go, Accounting, Regulatory Reporting"
"R, SAS, Excel"

"Python, SQL, R, Tableau, Excel, Business Intelligence, Power BI"
"R, Excel"
"Python, R, Java, Excel, Perl, Project Management, C#, PHP, Business Analysis, Go, Application Support"


"R, Excel, Marketing, Go, Google Analytics"

"R, Excel, Perl, Epic"
R
R
"R, Excel, Microsoft Word"
"R, Excel"

"Python, SQL, R, Java, Excel, C#"
SQL
"R, Microsoft Office"

"R, Excel"
"R, Excel, Perl, Epic"
"R, AI, Excel"
"Python, SQL, R, Tableau, SAS, Excel, Visual Basic"
"R, Tableau, SAS, Microsoft Office, Excel, SPSS, GIS"
"R, Excel, Perl, Epic"
"SQL, R, Tableau, Excel, Go"
"R, Tableau, SAS, Excel, SPSS, Audits, UI"
R
"R, Excel, Microsoft Access"
"Python, SQL, R, Excel, GIS"
"R, Excel"
"SQL, R, SAS, Excel, Network, Maven"
"R, Excel, STATA"
"SQL, R, SAS, Excel"
"R, Excel, Perl, Epic"

"Python, SQL, R, Microsoft SQL Server, Excel, C#, Microsoft Access, SharePoint"

"R, Excel, Perl, Epic"
"Python, SQL, Excel"



"R, Excel, Go"
"Python, SQL, R, Tableau, AWS"


"SQL, R, Tableau, SAS, Excel, SPSS"

"R, Microsoft Office, Excel, Go"
"R, Microsoft Office, Excel, Power BI, Go, Google Analytics"

"Python, SQL, R, Tableau, Oracle, Data Warehouse, Microsoft SQL Server, Scripting, Crystal Reports, Epic"
"R, Tableau, SAS, Microsoft Office, Excel, SPSS, GIS"
"R, AI, Data Analysis"


"SQL, R, Tableau, Oracle, Data Science"
R


"SQL, R, Tableau, Oracle, Excel, Teradata, Marketing, Data Management, Visio"
"SQL, R, Tableau, Excel, Power BI"


"Python, SQL, R, Tableau, SAS, Oracle, Excel, SPSS, Business Intelligence, Power BI, STATA, GIS, Telecommunication"
"R, Excel"
"R, Excel"
"SQL, R, Tableau"
"R, Microsoft Office, Excel, Go, ACH"

"Python, SQL, R, Spark, SAS, AWS, S3, Visio"
R
"Python, R, Hadoop, Tableau, Go"
"Python, Hadoop, Tableau, Go"
"R, Excel, SDLC, Business Analysis, CI, Go, Troubleshooting"
"Python, SQL, R, AWS, Data Science"
"R, Excel, Accounting"
"Machine Learning, R, Big Data, AI, Data Analysis, MATLAB, Excel, S3, Network, Go, UI, SSL"
"Python, R, SAS, Scala, Go, Bioinformatics, Genetics"

"R, Data Management, SAP, Process Management, Business Management"
"R, Tableau, Excel, Go, Google Analytics"
"R, Microsoft Office, Excel, Data Management, Accounting"
"R, AI, Excel, Marketing"
"SQL, Machine Learning, R, SAS, Data Warehouse, AI, Excel, Power BI"
"Python, R, SAS, Scripting, Go, Android"
"Python, SQL, R, Java, SAS, Scala, Perl, SPSS, Network, Go"
"SQL, R, Tableau, Excel, Marketing, Go, Google Analytics, Omniture"
"SQL, R, Excel, Go, Ant"
"Python, SQL, R, Spark, Java, Tableau, Big Data, AWS, Scala, NoSQL, Oracle, Azure, MySQL, Data Science, S3, Google Cloud Platform, Jira, Apache, Go, Confluence"
"Python, SQL, R, Java, Tableau, SAS, Excel, Data Science, Statistical Software, Alteryx, QlikView, DB2, Go, Operations Research"

"Python, SQL, R, Tableau"
"Python, SQL, R, Tableau, AWS, Operations Research"
"Python, SQL, R, Tableau, Big Data, Excel, Data Science, Customer Segmentation"
"Python, SQL, R, Git, Excel"
"Python, SQL, R, Tableau, AWS, AI, Data Science, Go, Google Analytics, SaaS"
"Python, SQL, R, Tableau, SAS, Excel, Business Intelligence, STATA, Epidemiology, Ant, Biostatistics"
"R, Excel, Data Science, Business Intelligence"
"SQL, R, Java, JavaScript, Business Intelligence"

"Excel, Network, Go, UI"

R
"Python, SQL, R, Data Science"
"R, Project Management, SDLC, Business Analysis, Go"
"SQL, R, SAS, Accounting, Epic, UI"

"Python, SQL, R, Java, Tableau, Data Warehouse, Excel, Informatica, Alteryx"
"R, Excel"




"R, Tableau, Data Analysis, Excel, Marketing, Data Management, SAP"
"SQL, R, PowerShell, Windows"


"SQL, R, Tableau, Excel, Business Intelligence, QlikView"


"Python, SQL, Microsoft Office, Excel, Business Intelligence"
"SQL, R, Data Warehouse, Excel, Project Management, Business Intelligence, Business Analysis, Go, PMP"
"SQL, R, Tableau, NoSQL, Excel, Marketing"
"R, Excel, CI, Go, Telecommunication, IAT, ACH"
"SQL, R, Data Analysis"
"R, Excel, Marketing"

"R, Excel, SDLC, Visio"
"Tableau, Excel, Go, Google Analytics"
"Python, SQL, R, Tableau, Microsoft Office, Excel, Business Intelligence, Google Cloud Platform, Go, Confluence, Google Analytics, Omniture, Doubleclick, iOS, Android"
R
"SQL, R, AI, Microsoft Office, Excel"
"R, SAS, Excel, Microsoft Access, Network"
"Python, SQL, R, Java, Tableau, AWS, Azure, HBase, MongoDB, Ruby, Elasticsearch, REST, Jenkins, Solr, Angular, Maven, Ansible, Redis, Lucene, Spring, Bootstrap, SSL"

"SQL, R, SAS, Excel"

"R, Excel"
"Python, SQL, R, Tableau, SAS, AWS, Excel, Marketing, Marketing Mix Modeling"
"SQL, R, Oracle, Excel, SAP, Go, Crystal Reports, Accounting, Payroll"
"R, Excel"
R

"Python, R, Java, Tableau, JavaScript, CSS, UI"
R
R
"SQL, R, Java, Excel, Project Management, SDLC, Go"




"Python, SQL, R, Tableau, Excel, Ruby"
"Python, SQL, Machine Learning, R, Spark, SAS, Scala, MATLAB, Data Science, STATA"
"R, Excel, Microsoft Word, Accounting"
"Python, R, Marketing"
"R, Excel, STATA"
"Python, SQL, R, Excel"
"Python, SQL, R, Excel, SPSS, Business Intelligence, JSON, Go, UI"
"Python, SQL, R, Azure, Excel, Data Science, Marketing, Visio, Go, Adobe Marketing"
"R, Excel"
"R, Marketing, Adobe Marketing"

"R, Excel"


"R, Excel, Visio, CI, Microsoft Word, Process Improvement"
"SQL, R, SAS, Oracle, Excel, Business Intelligence, CI, CSS, Managed Care, Regulatory Reporting"
"R, Tableau, Excel, Power BI, Alteryx, CI, Accounting, CPA, CFE"
"Excel, SDLC"
"SQL, R, Data Analysis, Excel, Visio"
"R, Java, Tableau, Oracle, AI, Business Intelligence, Informatica, Teradata, Data Management, HTML5, Go, CSS"
"R, Excel, Perl, Epic"
"SQL, R, Excel, Power BI, Marketing, Go, Accounting, PeopleSoft, Managed Care, GAAP"

"R, Excel, SDLC, Visio"
"SQL, R, AI, UI"
"Python, SQL, R, Java, Excel, Perl, Software Development, C#, DB2, Sybase"
"R, Excel, SaaS"
"Python, SQL, R, Data Science"
"R, Spark, Microsoft Office, Excel, Marketing, Data Management, CI, Digital Marketing, UI, CPA"
"R, Excel, Accounting"

"R, Tableau, Excel, Go, ITIL"


"R, CI"
"R, Excel, SAP, Network"
"SQL, R, Excel, SPSS, Power BI, Visio"
"Python, SQL, R, Tableau, SAS, Oracle, AI, Excel, PostgreSQL, MySQL, Crystal Reports, Epic, Quality Management, Cerner, IDS"
"R, Microsoft Office, Excel"
"Machine Learning, R, Data Science"
"SQL, R, Project Management, Business Analysis"
"Python, SQL, R, Tableau, Oracle, Microsoft SQL Server, Excel, MySQL, Business Intelligence, Power BI, Go, Google Analytics"

"Python, SQL, R, Java, Git, Excel, JavaScript, Data Science, Splunk, XML, PHP, HTML5, Go, CSS, Google Analytics, Omniture, Google Search Console, SEO"
"Python, SQL, R, Hadoop, Tableau, SAS, SPSS, Business Intelligence"
"R, Excel, CI, Go, IAT, ACH"
"R, Visio, FTP, Windows"
"SQL, R, Tableau, SAS, Excel"
"SQL, R, Oracle, AI, Excel, PL/SQL, PeopleSoft"
"SQL, R, SAS, Clinical Trials, IDS"
R

"R, Accounting, Business Management"
"R, Excel, Accounting, UI"
"Python, SQL, R, Excel, Data Management, UI"
Business Analysis

"R, Microsoft Office, Excel, Business Intelligence, Marketing, SharePoint"
"R, Business Analysis, Go"
"SQL, Excel"
"R, Business Analysis, Visio"

"R, Excel"
"SQL, R, Data Warehouse, Excel, Project Management, Data Management, Business Analysis, Accounting"
"Python, SQL, R, C/C++, AI, Excel, Go"
R
"SQL, R, Tableau, Data Science, Business Intelligence, Marketing, Business Analysis, CI"


"R, Oracle, Excel, Go, Salesforce CRM"

R
"R, Data Analysis, Excel, Project Management, Business Analysis, Microsoft Project"
"Python, SQL, Machine Learning, R, Tableau, AWS, AI, Excel, Data Science, Business Intelligence, Informatica, Marketing, Alteryx, Network, Go, Google Analytics, Digital Marketing"
"R, Excel, Project Management, Visio, Adobe Creative Suite"

"Python, SQL, R, Linux, Excel, Microsoft Access, Windows"

"R, Excel, Microsoft Word"

R
R
"SQL, R, Tableau, SAS, Excel, Marketing"

"R, Excel, Business Intelligence"
"R, Tableau, Go, Google Analytics"
"R, Excel, Accounting"
"SQL, R, Tableau, Excel, Go"
"SQL, R, Tableau, Excel, Business Intelligence, Power BI, Go, PeopleSoft"
"Python, SQL, Microsoft Office, Excel, Business Intelligence"
"R, Excel, UX"
"Python, SQL, R, Hadoop, Spark, Tableau, Hive, NoSQL, Kafka, Excel, Business Intelligence, Elasticsearch, Marketing, Apache, Go, Google Analytics, SaaS"
"R, Excel, Jira, Go, Google Analytics, Drupal"
"R, Microsoft Office, Excel, Jira, Network, Visio, Go"
"R, Tableau, Azure, Excel, Power BI, Teradata"
"SQL, R, Tableau, Excel, Business Intelligence"
"R, Excel, Microsoft Word, PeopleSoft"
"R, Excel, Project Management, Business Intelligence, Business Analysis"

"R, Marketing"
"R, Perl, Jira, Selenium, LDAP"
"R, Excel, Data Science, Data Management, QlikView, Go, Microsoft Word, Information Security"
"Python, SQL, R, Spark, SAS, AWS, S3, Visio"
R
"R, Tableau, Microsoft Office, Excel, SPSS, UI"
"R, Excel, Project Management, Visio, PMP"
"SQL, R, SAS, Oracle, Excel, Business Intelligence, CI, Audits, Managed Care, Regulatory Reporting"
"R, Excel, Go, ACH"
"R, Visual Basic, Accounting, Hyperion, Workday"
"Python, R, SAS, Scripting, SPSS, Data Science, Marketing, Predictive Analytics, RN"
"SQL, R, Tableau, Oracle, AI, Microsoft Office, Excel, SPSS, Project Management, PeopleSoft, Program Management"
"R, Oracle, AI, Project Management, Business Intelligence, Marketing, Data Management, Go, PMP, VersionOne"
"R, Marketing"
"SQL, R, Excel"
Excel

"R, Excel, SharePoint"
"R, Microsoft Office, Excel, Project Management, Hyperion, Process Improvement"
"SQL, R, Tableau, Excel, Business Analysis, Visio, UI"
"R, Excel, Go, ACH"
"Python, SQL, R, Tableau, Google Cloud Platform, Go, Accounting"
"SQL, R, Excel, Project Management, Jira, Visio, Confluence, SOX"
"R, AI, Excel, Go"
"R, Tableau, Excel, Microsoft Access, Data Management"

"R, Excel, Accounting"
"R, Accounting"

"SQL, R, Excel, RN"
"SQL, R, Excel, Visio, PMP, Windows, ICD-9"

"Python, SQL, R, Hadoop, Hive, Marketing, Quantitative Research"
"R, Java, Oracle, Excel"
"SQL, R, Tableau, Data Warehouse, Excel, Project Management, Go, ICD-10"
R
"R, Excel, Project Management"
"SQL, R, Excel, Power BI, Marketing, Go, Accounting, PeopleSoft, Managed Care, GAAP"
"SQL, R, Tableau, Excel, Go"


"SQL, R, Excel, SPSS, Power BI, Visio"


R

"R, Perl, Jira, Selenium, LDAP"

"R, Excel, SPSS"
"R, Excel, SAP, CI, Accounting"
"R, Excel, E-Commerce"
"R, Excel, Crystal Reports"

"Python, SQL, R, Java, Tableau, JavaScript, Power BI"
"SQL, R, Java, SAS, Oracle, Microsoft Office, Excel, Visio, Accounting, Ellucian"

"SQL, R, SAS, Oracle, Microsoft SQL Server, Excel, Business Intelligence, T-SQL, PL/SQL, SharePoint, UI, Microsoft Project"

"SQL, R, Java, Tableau, Excel, XML, PeopleSoft"
"R, Excel, Marketing, Visio, Epic, Epic Certification, RN"
"R, Tableau, Power BI, Payroll"
"R, Excel"
"R, Excel, Customer Service, Certified Internal Auditor"
"SQL, R, Oracle, Data Analysis, Excel, Microsoft Access"
"SQL, R, Tableau"
"R, Excel, UI, Customer Service"
"SQL, R, Tableau, SAS, Excel, Business Intelligence"
"SQL, R, Excel, Visio, CI, SharePoint"

"SQL, R, Excel"
"SQL, R, Tableau, SAS, Excel"
"R, Oracle, Excel, Business Analysis, Accounting, Hyperion, GAAP, Business Management"
"SQL, R, Tableau, AI, Excel, SAP"
"R, SAS, Excel, SPSS"
"R, Excel, SharePoint"
"R, Microsoft Office, Excel, Marketing, SAP, Go, Google Analytics"
"R, Tableau, Microsoft Office, Excel, Alteryx, Visio, SharePoint, UI"
"SQL, R, Tableau, Business Intelligence, QlikView"

"R, Microsoft Office, Management Consulting"

"Python, SQL, Machine Learning, R, Spark, SAS, TensorFlow, MySQL, Data Science, Go, Google Analytics, Omniture"
"R, Excel"
"SQL, R, Visio"
"R, Tableau, Oracle, Excel, Accounting, Hyperion"
R

"Python, R, Java, Linux, Excel, Ruby, Go, Information Security"
"R, Accounting, Epic, UI"
"R, Excel"
"R, Excel, Go"
"R, Excel"
"R, Oracle, AI, Project Management, Business Intelligence, Marketing, Data Management, Go, PMP, VersionOne"
"R, Tableau, Excel, Business Intelligence, Network"
"R, Excel"
"R, Tableau, Excel, Go, Google Analytics, Social Media Management, CPA"
"Python, R, Tableau, Excel, Power BI, Marketing, Jira, Go, Google Analytics"
"R, Microsoft Office, Accounting"
"R, Excel, iOS, UX, Android"
"Python, R, Java, Excel, SaaS"
"R, Excel, Data Management, Telecommunication"
"Python, Machine Learning, R, Hadoop, Spark, Java, Big Data, Scala, Azure, JavaScript, C#, HTML5, CSS, Node.js, React"
"R, Jira, Business Analysis, Visio"
"SQL, R, Informatica, Go, PowerShell, UX"
"R, Excel, Marketing, Go, Google Analytics, Management Consulting, Omniture"
R
R
"Python, SQL, R, Excel, Data Science, Management Experience, SaaS"

"SQL, R, Business Intelligence, Visio, Go"
"R, Marketing"
"R, Oracle, Excel"
"R, Excel, Go, SaaS, Lean"
"SQL, R, Excel, SharePoint, Crystal Reports"
"R, Excel, Marketing, Go, Android"

"SQL, R, Excel, CI, Go, ACH"

"R, AI, Excel"
"R, Excel, Business Analysis, Go"
"SQL, R, Tableau, Oracle, Excel, Power BI, UI"
R
"R, AI"
"R, Excel, Accounting, PeopleSoft"
"Python, SQL, Machine Learning, R, Tableau, AI, Data Analysis, Excel, Power BI, QlikView, CI, Go"
"R, CI"
"R, Marketing"
"R, Excel, Regulatory Reporting"
iOS
R
"Python, SQL, R, Tableau, Google Cloud Platform, Go, Accounting"
"R, Marketing, SAP, Epic, Epic Certification"
"Java, Big Data"
"R, Oracle, Excel, Business Analysis, Accounting, Hyperion, GAAP"
"R, Excel, Business Analysis, GIS"

"R, Excel, Power BI, Visio"
"SQL, R, Data Analysis, Microsoft Office, Excel, Software Development, SDLC, Visio"
"Python, SQL, Microsoft Office, Excel, Business Intelligence"
"R, Excel, SaaS"
"SQL, R, Microsoft Office, Excel, SDLC, Visio, SharePoint"
"R, Excel, SDLC, SAP, Business Analysis, Visio, Accounting, PeopleSoft, Quality Management, CPA, GAAP, Process Mapping, Regulatory Reporting, IFRS"
"Python, SQL, R, Hadoop, Hive, SAS, Data Science, PHP"
"R, Excel, Business Intelligence, Time Management"
"R, Excel, Regulatory Reporting"
"SQL, R, Tableau, SAS, Microsoft Office, Excel, Business Intelligence, Marketing"
"R, Excel, Business Analysis, IaaS"
"SQL, Java, Tableau, SAS, Oracle, Excel, JavaScript, MySQL, Business Intelligence, Go, Google Analytics, Omniture"
"Python, SQL, R, Perl, Business Intelligence, PHP, Go, Google Analytics, UX"
"R, Excel"
"R, Excel, Software Development, Visio"

"SQL, Excel"
"SQL, R, Microsoft Office, Excel, Project Management, Visio, CSS, RN, WordPress"
"Python, SQL, AI, Excel, Data Science, Biostatistics"
"Python, SQL, R, Java, Tableau, SAS, AI, JavaScript, Marketing"
"R, Marketing, Go, SEO"
"R, Excel, Accounting, Audits"
"SQL, R, Tableau, AI, Excel, SAP, Go"
"R, SAP"
"SQL, R, Excel, Software Development, SDLC, Visio"
"Python, SQL, R"
"R, SDLC, Network, Go"

R
"SQL, R, .Net, C#, Jira, Confluence"
"R, Excel, Project Management, CI, SharePoint"
"SQL, R, Tableau, Data Warehouse, Excel, Project Management, Business Intelligence, Business Analysis, Network, Go, Application Support, RN"
"R, Excel"
"R, Azure, Business Analysis, Visio, SaaS, UI"
"SQL, R, SAS, Clinical Trials, IDS"
"R, AI, SAP, Operations Research, Business Management"
"Python, SQL, R, Tableau, SAS, Excel, Visual Basic, Visio, SharePoint, Kanban, VersionOne"
"R, Spark, Tableau, AWS, Linux, Excel, Docker, C#, Power BI, Apache, Go"
"Python, SQL, R, AWS, S3, Visio"
"R, Tableau, Microsoft Office, Excel, Project Management, Business Intelligence, Power BI, Marketing, Jira, Go, Google Analytics, Digital Marketing, Accounting, Adobe Acrobat"

"R, Excel, Network, Go"
"R, Excel, SaaS"
R

"SQL, R"
R
"Python, R, Java, AWS, Azure, Excel, Perl, Ruby, Google Cloud Platform, Go, SaaS"
"R, AI"
"R, AI, Excel, Business Analysis, Change Management"
"Python, SQL, R, Tableau, Excel, Business Intelligence, Omniture"
"SQL, R, Tableau, SAS, Microsoft Office, Excel, Visio, SharePoint"
"R, AI, Project Management, Go"
"R, Excel, Software Development, Project Management, Business Analysis, Visio, Go, UI"
"SQL, R, Java, Oracle, Excel, XML, PL/SQL, OBIEE, PeopleSoft, UX, Windows"
"R, Excel, Marketing, Accounting"
"R, Tableau, Excel, Business Intelligence, Jira"


"R, Visio"

"SQL, R, Oracle, Microsoft Office, Excel, MySQL, Windows, Ellucian"
"SQL, R, Big Data, Oracle, Azure, Excel, Teradata, Data Management"
"R, Accounting, SaaS, Payroll"
"Python, SQL, R, Tableau, SAS, Teradata"
"R, Excel, Project Management, Business Intelligence, Time Management"
"SQL, R, AI, Business Analysis, UX"
"R, Tableau, Excel, Alteryx, Accounting, CPA"
"Python, SQL, R, Tableau, SAS, Oracle, MATLAB, Microsoft Office, Excel, SPSS, Data Science, Power BI, Marketing, PL/SQL"


"R, Microsoft Office, Excel, Business Intelligence, Marketing, SharePoint"
"SQL, R, Excel, Software Development, SDLC, Visio"
"R, SAP"
"R, Excel, Accounting, Audits"
"SQL, R, Excel, Splunk, SharePoint, Information Security"
"Python, SQL, R"
"Python, Machine Learning, R, Tableau, Excel, QlikView, CI"

"Python, SQL, R, Java, Tableau, SAS, AI, JavaScript, Marketing"
"SQL, Excel"
"SQL, R, Excel"


"SQL, Tableau, Excel, Power BI"
"R, Microsoft Office, Excel, Go"

"SQL, R, Tableau, Excel, Go"
"R, Microsoft Office, Excel, SAP, Visio"
"SQL, R"
"SQL, R, Tableau, Oracle, Excel, PostgreSQL, MySQL, Informatica"
"R, Excel, TFS, PMP"
"SQL, R, Tableau, Data Warehouse, Excel, Project Management, Business Intelligence, Business Analysis, Network, Go, Application Support, RN"
"Python, SQL, R, Tableau, Microsoft SQL Server, Microsoft Office, Excel, C#, PowerShell, Accounting"

"R, Project Management, SharePoint"
"SQL, R, Microsoft Office, Excel, Project Management, Visio, CSS, RN, WordPress"

"Software Development, .Net, C#, SharePoint"
"R, Microsoft Office, Excel, Business Intelligence"

R
"SQL, R, Microsoft Office, Excel, Project Management, Accounting"
"Python, SQL, R, Tableau, Microsoft Office, Excel"

"SQL, R, Hadoop, Tableau, Excel, Business Intelligence, Data Management"
"SQL, R, PowerShell, Windows"
"R, Excel, Visio, Hyperion"
"SQL, R, Excel, JSON, XML, Go, Regulatory Reporting"
"SQL, R, SAS, Business Intelligence"
"R, AI, Project Management, Go"

"SQL, R, Tableau, Data Analysis, Excel, Business Intelligence, Power BI, Marketing, Go, Google Analytics, Marketing Automation, Salesforce Marketing Cloud"
"SQL, Tableau, Oracle, Ant"



"Python, SQL, R, Excel"
"R, Excel, SPSS, Marketing, Go"
"Python, SQL, R, Tableau, SAS, Excel"

"SQL, R, Excel, Project Management, XML, Visio, Go, Application Support"


"R, Excel, Marketing, Visio, CI, Go, Epic, Software Testing"

"SQL, R, Oracle, Excel, UI"


"Python, SQL, R, AWS, S3, Visio"
"R, AI, SAP, Operations Research, Business Management"
"Python, SQL, R, Tableau, Google Cloud Platform, Go, Accounting"
"SQL, R, Tableau, AI, Excel, SAP, Go"
"Python, SQL, R, Java, Tableau, SAS, Excel"
"SQL, R, SAS, Microsoft Office, Excel"
"SQL, R, Tableau, Excel"
"SQL, R, SAS, Excel, Quality Management, Managed Care"
"SQL, R, Excel, Visio, CI, SharePoint"
"R, Microsoft Office, Excel, UI"
"SQL, R, AI, Business Analysis, UX"
"R, AI, Excel, Accounting, IDS"
"R, Marketing, Go, SEO"
"R, Excel"
"Python, SQL, R, Tableau, Microsoft Office, Excel, Business Intelligence"
"R, Tableau, SAP, Go, SaaS, Social Media Management"
"R, AI, Excel, Business Analysis, Change Management"
"R, AI, UI"

R
"R, Azure, Business Analysis, Visio, SaaS, UI"
"SQL, R, Excel"
"SQL, R, Big Data, Oracle, Azure, Excel, Teradata, Data Management"
"R, Excel, Marketing, Accounting"
"R, Excel"
"SQL, R, Tableau, Excel"
R
"SQL, R, Tableau, AI, Business Intelligence, Network"
"R, Excel"
"SQL, R, Git, Perl, Splunk, Jenkins, Kubernetes, SVN, Chef"
"R, Excel"
"SQL, R, REST, Visio, Process Management"
"Python, SQL, R, Tableau, SAS, Excel, Visual Basic, Visio, SharePoint, Kanban, VersionOne"
"R, Excel"
"R, Tableau, Excel, Business Intelligence, Jira"
Excel
"R, SDLC, Network, Go"
"SQL, R, Tableau, Excel, Power BI"
"R, CI, SharePoint, Lean, Six Sigma, Business Management"
"SQL, R, Excel, UI"
"R, Excel, Business Analysis, UX"
"R, Accounting, SaaS, Payroll"
R
"R, Tableau, Microsoft Office, Excel, Project Management, Business Intelligence, Power BI, Marketing, Jira, Go, Google Analytics, Digital Marketing, Accounting, Adobe Acrobat"
"Python, SQL, R, Tableau, Data Science, Business Intelligence"
"R, Excel, SaaS"
"SQL, R, Marketing, Performance Marketing, SEO"
"R, Tableau, Excel, Business Analysis, Accounting"


"R, Excel, Software Development, Project Management, Business Analysis, Visio, Go, UI"
"R, Software Development, SDLC, Business Analysis, Microsoft Project, HP ALM, VersionOne"
"R, Excel, Lean, Six Sigma"
"R, Jira"
"R, Workday"


"Python, SQL, R, SAS, NoSQL, MATLAB, Data Science, Business Intelligence, STATA, Go, ACH"
"R, Spark, Tableau, AWS, Linux, Excel, Docker, C#, Power BI, Apache, Go"
"SQL, R, .Net, C#, Jira, Confluence"
"R, Marketing, Business Analysis, Adobe Marketing, Change Management"
R
"SQL, R, Excel, Microsoft Access, Accounting"
"R, Visio"
"Python, SQL, R, Tableau, Excel, Business Intelligence, Omniture"
"R, AI, Microsoft Office, Excel, Project Management, CI, PeopleSoft, Program Management"
"R, Oracle, Excel, Perl, CI, PeopleSoft"
"Machine Learning, R, Tableau, AWS, Natural Language Processing, AI, Excel, Data Science, Business Intelligence, Accounting"
"Python, SQL, Hadoop, Spark, Java, Tableau, Big Data, Data Warehouse, Linux, Business Intelligence, Informatica"
"Python, SQL, R, Java, Tableau, Big Data, Data Warehouse, Linux, JavaScript, Business Intelligence, C#, Informatica, QlikView, CSS, Angular, Node.js"
"R, Microsoft Office, Excel, Marketing, CI, Go, Epic"




"R, Excel, CPA, GAAP"
"R, Perl, Jira, Selenium, LDAP"


"R, Excel, SDLC, Visio"

"R, Go"


"SQL, R, AI, Microsoft Office, Excel"



R

"SQL, R, Azure, Business Intelligence, Power BI, Data Management"