"Python,SQL,R,Spark,Hive,AWS,Data-Warehouse"
"SQL,R"
R
"R,Microsoft-Office"
R
0
0
R
"Python,SQL,R,Java,Tableau,AWS,Data-Analysis"
R
"R,Microsoft-Office"
0
R
0
"SQL,R"
0
0
0
0
"Python,SQL,R,Tableau,Linux"
0
0
R
"SQL,R"
"Python,R"
"SQL,R,SAS,MATLAB"
0
"SQL,R"
"Python,SQL,R,Spark"
"SQL,R,Microsoft-Office"
0
"SQL,R,Tableau"
0
"Python,SQL,R,Tableau"
0
0
0
0
0
0
"Python,SQL,R,Tableau,Hive"
0
0
0
0
0
"Python,SQL,R,Java,Tableau,SAS"
"Python,SQL,R,Tableau,Microsoft-Office"
"SQL,R,Tableau"
0
"Python,SQL,Tableau,Scala"
R
"SQL,R"
"Python,SQL,Tableau"
"Python,SQL,R,Tableau"
0
"SQL,R,Tableau,SAS"
0
"Python,SQL,R,Tableau,SAS"
"SQL,R"
"Python,SQL,R"
"Python,SQL,R"
0
0
0
0
0
0
0
"Python,SQL,R"
"SQL,R"
"SQL,R,Tableau"
"Python,SQL,R,SAS,AI,Microsoft-Office"
R
"SQL,R,SAS,Microsoft-Office"
0
0
"Python,SQL,R,Tableau,SAS"
"SQL,R"
"R,Microsoft-Office"
0
0
0
"SQL,R"
"Python,SQL,R,Tableau"
"SQL,R,Tableau"
"Python,SQL,R,Tableau"
R
"Python,SQL,Tableau"
0
0
0
0
"Python,R"
R
0
R
0
0
"Python,SQL,R,Java,Tableau"
R
"SQL,R"
"Python,SQL,R,Tableau"
"R,Tableau"
"SQL,R,Tableau"
0
R
0
"SQL,R,Hadoop,Java,Tableau,SAS,Microsoft-Office"
"Python,SQL,R,Scala"
"Python,SQL,AI"
"Python,SQL,R,Linux"
"Python,SQL,AI"
"Python,SQL,R,Hadoop,Tableau,Hive,SAS,Big-Data,Linux"
0
0
"Python,SQL,Machine-Learning,R,Spark,SAS,Scala,MATLAB"
0
0
"Python,SQL,R"
0
"Python,SQL,R,Tableau"
"Python,SQL,R,SAS"
"Python,SQL,R,Tableau"
"Python,SQL,R,AWS"
Data-Analysis
"Python,SQL,R"
"Python,SQL,R,Tableau,Microsoft-Office"
0
"Python,SQL,R"
"Python,SQL,R,Java,Tableau,Oracle"
"R,Tableau"
"Python,R"
0
"SQL,R,SAS"
"Python,SQL,R,Hadoop,Tableau,SAS,AWS"
0
"SQL,R,Tableau,SAS,Scripting"
"Python,R,Tableau"
"Python,SQL,R"
"Python,SQL,R"
"Python,SQL,R,Tableau,Microsoft-SQL-Server,Microsoft-Office"
"Python,SQL,R,Java,Tableau,Oracle"
"Python,SQL,R,Oracle"
"Python,SQL,R,SAS"
"Python,SQL,R,Tableau,Microsoft-Office"
0
"Python,SQL,R"
"SQL,R,Spark,Big-Data,AWS"
0
"Python,SQL,R"
"SQL,R,Oracle"
"SQL,R,Tableau"
"Python,SQL,R,Microsoft-Office"
0
0
"Python,SQL,Microsoft-Office"
"Python,SQL,R,Java,Tableau,Oracle"
"SQL,R"
0
0
0
R
"SQL,R,Tableau,AI"
0
"R,Microsoft-Office"
"Python,SQL,R"
"R,Microsoft-Office"
R
0
"R,Tableau"
0
0
R
R
"SQL,R"
"R,SAS"
R
0
0
0
0
"SQL,R"
R
"Python,SQL,R,Tableau"
R
0
R
0
0
0
"SQL,R,Tableau"
"Python,SQL,R,Tableau"
"SQL,R,Tableau"
"Python,SQL,Tableau"
"R,Microsoft-Office"
0
0
"SQL,R,AI"
R
"Python,SQL,R,SAS"
0
0
"Python,SQL,Tableau"
"R,Microsoft-Office"
"R,Tableau"
"R,Microsoft-Office"
"R,Tableau"
0
"Python,SQL,R,Tableau,Oracle"
"Python,R,Data-Analysis"
"SQL,R,Tableau,SAS"
0
"Python,SQL,R,AWS"
"Python,SQL,R,Java,Tableau,Oracle"
0
"SQL,R,Tableau,Azure"
"SQL,R,Tableau"
"Python,SQL,R,Tableau"
0
"SQL,R,Tableau"
0
"SQL,R,Tableau"
"R,Tableau"
"R,Tableau"
"SQL,R,SAS,AI"
"Python,SQL,AI"
"SQL,R,Tableau,SAS,Microsoft-Office"
"Python,SQL,R,Tableau,AI"
"SQL,R,Tableau"
"Python,SQL,R,Tableau"
"Python,SQL,R"
"R,Tableau,Microsoft-Office"
R
"SQL,R,Oracle"
"SQL,R,Tableau,AWS"
R
"SQL,R"
"Python,SQL,R,Tableau"
R
R
0
R
"SQL,R,Tableau,AI"
"SQL,R,SAS"
R
"SQL,Tableau"
R
R
"Python,SQL,R,Tableau"
"Python,SQL,R"
0
"R,Big-Data,AI"
"Python,SQL,R,Tableau"
0
"Python,SQL,R"
0
"SQL,R,Tableau,Microsoft-Office"
"SQL,R"
0
"SQL,R,AI"
"SQL,R,Tableau,SAS"
"SQL,SAS"
0
"R,Microsoft-Office"
0
"SQL,R,Tableau,SAS,Microsoft-Office"
"SQL,R,Java"
"R,Tableau"
"SQL,R,SAS"
"Python,SQL,R,Tableau"
0
"R,Tableau"
"SQL,R,SAS,Microsoft-Office"
R
"R,AI"
"R,Microsoft-Office"
"Python,SQL,R"
0
"SQL,R"
0
R
"R,Tableau"
R
0
R
0
"R,Oracle"
"R,Microsoft-Office"
0
R
"Python,SQL,R,Tableau,SAS,AWS"
0
0
"SQL,R"
"Python,SQL,R,Tableau,Oracle,Microsoft-SQL-Server"
0
0
0
"SQL,R,Java,Oracle"
"SQL,R"
"SQL,R"
0
0
"SQL,R,Tableau,AI"
"SQL,Tableau"
R
"Python,SQL,Microsoft-Office"
"SQL,R,Tableau"
0
R
"SQL,R"
0
"Python,R"
"Python,SQL,R,Java,Tableau"
"SQL,R,Tableau,Oracle,Linux,Microsoft-Office"
"Python,SQL,R,Java,Tableau"
R
R
R
"SQL,R,Tableau"
"R,Oracle"
"R,Tableau"
"Python,R,Tableau"
"SQL,R"
"SQL,R,Hadoop,Tableau,Hive"
0
"R,Tableau"
0
"Python,SQL,R,Java,Tableau,Oracle"
"SQL,R,Tableau,Microsoft-Office"
0
0
R
"SQL,R,Tableau"
0
0
R
0
R
"SQL,R,Tableau,Data-Warehouse"
R
"SQL,R,Tableau,Oracle"
R
"SQL,R,Data-Analysis"
"Python,SQL,R"
R
"R,Microsoft-Office"
"Python,SQL,R,Tableau"
0
0
Tableau
R
0
"SQL,R,Tableau"
"R,Oracle"
0
0
R
"R,Tableau"
0
"SQL,R,Tableau"
"SQL,R,Oracle"
0
"SQL,R"
"Python,SQL,R,Java,Tableau"
"R,Data-Analysis"
0
0
R
"R,Java"
R
R
R
0
"R,AI"
R
R
R
R
R
R
"Python,SQL,R,Tableau,SAS"
R
R
R
0
"Python,SQL,Microsoft-Office"
R
R
R
R
R
0
R
0
"SQL,R"
0
0
R
R
"SQL,R"
"SQL,R,Tableau"
R
0
R
R
0
R
"Python,SQL,Java,C/C++"
R
0
R
0
"SQL,R,SAS"
"SQL,R,Data-Warehouse"
0
0
0
R
"R,AI"
0
"Python,R"
"SQL,R"
R
0
R
"Python,R"
"R,Microsoft-Office"
"R,Tableau"
R
R
0
0
0
0
"Python,SQL,R"
0
R
0
0
R
R
"Python,SQL,R,SAS,AI"
0
"Python,SQL,R,Tableau,Oracle"
0
R
R
R
0
"SQL,R,Tableau"
R
"Python,R"
"Python,R"
R
"SQL,R,SAS"
"R,SAS"
"Python,SQL,R,Java,Tableau,Linux"
"Python,SQL,R,Java"
R
0
R
"Python,R,Java,Tableau"
"Python,SQL,R,Oracle"
R
R
"Python,SQL,R,NoSQL"
R
R
"Python,SQL,R"
"SQL,R,SAS,AI"
"R,Microsoft-Office"
0
"SQL,R,SAS"
"SQL,R,SAS"
"SQL,R,Tableau,Microsoft-Office"
"R,SAS,AI"
"Python,SQL,R,Java,SAS"
R
"Python,SQL,R"
R
"SQL,R,Tableau"
"R,Microsoft-Office"
0
"Python,Data-Analysis"
"Python,R,AI,TensorFlow"
R
0
0
R
"R,Spark,Microsoft-Office"
"SQL,Oracle"
"R,Big-Data"
"SQL,R,SAS"
R
"Python,SQL,R,Microsoft-Office"
"SQL,R,Tableau,AWS"
R
0
"Python,SQL,R,Tableau"
R
"SQL,R,Data-Warehouse"
0
0
"R,Microsoft-Office"
0
"Python,SQL,R,AI"
"R,Tableau"
"R,SAS"
R
"Python,R,Java,Tableau"
0
0
"R,Microsoft-Office"
"SQL,R"
0
R
"Python,SQL,R,Tableau"
"Python,SQL,R"
"Python,SQL,R,Microsoft-Office"
"SQL,SAS"
"Python,SQL,R"
0
"Python,SQL,R,Hadoop,Tableau"
0
"R,Tableau"
0
"Python,SQL,R,Tableau,SAS"
"SQL,R"
0
R
R
R
"Python,SQL,R"
"R,SAS,MATLAB"
"R,Tableau"
R
"R,Tableau"
R
R
R
"R,SAS"
0
"Python,SQL,R,Tableau"
R
"Python,R,Java"
0
0
R
0
R
R
R
R
R
0
"Python,SQL,R,Java"
SQL
"R,Microsoft-Office"
0
R
R
"R,AI"
"Python,SQL,R,Tableau,SAS"
"R,Tableau,SAS,Microsoft-Office"
R
"SQL,R,Tableau"
"R,Tableau,SAS"
R
R
"Python,SQL,R"
R
"SQL,R,SAS"
R
"SQL,R,SAS"
R
0
"Python,SQL,R,Microsoft-SQL-Server"
0
R
"Python,SQL"
0
0
0
R
"Python,SQL,R,Tableau,AWS"
0
0
"SQL,R,Tableau,SAS"
0
"R,Microsoft-Office"
"R,Microsoft-Office"
0
"Python,SQL,R,Tableau,Oracle,Data-Warehouse,Microsoft-SQL-Server,Scripting"
"R,Tableau,SAS,Microsoft-Office"
"R,AI,Data-Analysis"
0
0
"SQL,R,Tableau,Oracle"
R
0
0
"SQL,R,Tableau,Oracle"
"SQL,R,Tableau"
0
0
"Python,SQL,R,Tableau,SAS,Oracle"
R
R
"SQL,R,Tableau"
"R,Microsoft-Office"
0
"Python,SQL,R,Spark,SAS,AWS"
R
"Python,R,Hadoop,Tableau"
"Python,Hadoop,Tableau"
R
"Python,SQL,R,AWS"
R
"Machine-Learning,R,Big-Data,AI,Data-Analysis,MATLAB"
"Python,R,SAS,Scala"
0
R
"R,Tableau"
"R,Microsoft-Office"
"R,AI"
"SQL,Machine-Learning,R,SAS,Data-Warehouse,AI"
"Python,R,SAS,Scripting"
"Python,SQL,R,Java,SAS,Scala"
"SQL,R,Tableau"
"SQL,R"
"Python,SQL,R,Spark,Java,Tableau,Big-Data,AWS,Scala,NoSQL,Oracle,Azure"
"Python,SQL,R,Java,Tableau,SAS"
0
"Python,SQL,R,Tableau"
"Python,SQL,R,Tableau,AWS"
"Python,SQL,R,Tableau,Big-Data"
"Python,SQL,R"
"Python,SQL,R,Tableau,AWS,AI"
"Python,SQL,R,Tableau,SAS"
R
"SQL,R,Java"
0
0
0
R
"Python,SQL,R"
R
"SQL,R,SAS"
0
"Python,SQL,R,Java,Tableau,Data-Warehouse"
R
0
0
0
0
"R,Tableau,Data-Analysis"
"SQL,R"
0
0
"SQL,R,Tableau"
0
0
"Python,SQL,Microsoft-Office"
"SQL,R,Data-Warehouse"
"SQL,R,Tableau,NoSQL"
R
"SQL,R,Data-Analysis"
R
0
R
Tableau
"Python,SQL,R,Tableau,Microsoft-Office"
R
"SQL,R,AI,Microsoft-Office"
"R,SAS"
"Python,SQL,R,Java,Tableau,AWS,Azure"
0
"SQL,R,SAS"
0
R
"Python,SQL,R,Tableau,SAS,AWS"
"SQL,R,Oracle"
R
R
0
"Python,R,Java,Tableau"
R
R
"SQL,R,Java"
0
0
0
0
"Python,SQL,R,Tableau"
"Python,SQL,Machine-Learning,R,Spark,SAS,Scala,MATLAB"
R
"Python,R"
R
"Python,SQL,R"
"Python,SQL,R"
"Python,SQL,R,Azure"
R
R
0
R
0
0
R
"SQL,R,SAS,Oracle"
"R,Tableau"
0
"SQL,R,Data-Analysis"
"R,Java,Tableau,Oracle,AI"
R
"SQL,R"
0
R
"SQL,R,AI"
"Python,SQL,R,Java"
R
"Python,SQL,R"
"R,Spark,Microsoft-Office"
R
0
"R,Tableau"
0
0
R
R
"SQL,R"
"Python,SQL,R,Tableau,SAS,Oracle,AI"
"R,Microsoft-Office"
"Machine-Learning,R"
"SQL,R"
"Python,SQL,R,Tableau,Oracle,Microsoft-SQL-Server"
0
"Python,SQL,R,Java"
"Python,SQL,R,Hadoop,Tableau,SAS"
R
R
"SQL,R,Tableau,SAS"
"SQL,R,Oracle,AI"
"SQL,R,SAS"
R
0
R
R
"Python,SQL,R"
0
0
"R,Microsoft-Office"
R
SQL
R
0
R
"SQL,R,Data-Warehouse"
"Python,SQL,R,C/C++,AI"
R
"SQL,R,Tableau"
0
0
"R,Oracle"
0
R
"R,Data-Analysis"
"Python,SQL,Machine-Learning,R,Tableau,AWS,AI"
R
0
"Python,SQL,R,Linux"
0
R
0
R
R
"SQL,R,Tableau,SAS"
0
R
"R,Tableau"
R
"SQL,R,Tableau"
"SQL,R,Tableau"
"Python,SQL,Microsoft-Office"
R
"Python,SQL,R,Hadoop,Spark,Tableau,Hive,NoSQL,Kafka"
R
"R,Microsoft-Office"
"R,Tableau,Azure"
"SQL,R,Tableau"
R
R
0
R
R
R
"Python,SQL,R,Spark,SAS,AWS"
R
"R,Tableau,Microsoft-Office"
R
"SQL,R,SAS,Oracle"
R
R
"Python,R,SAS,Scripting"
"SQL,R,Tableau,Oracle,AI,Microsoft-Office"
"R,Oracle,AI"
R
"SQL,R"
0
0
R
"R,Microsoft-Office"
"SQL,R,Tableau"
R
"Python,SQL,R,Tableau"
"SQL,R"
"R,AI"
"R,Tableau"
0
R
R
0
"SQL,R"
"SQL,R"
0
"Python,SQL,R,Hadoop,Hive"
"R,Java,Oracle"
"SQL,R,Tableau,Data-Warehouse"
R
R
"SQL,R"
"SQL,R,Tableau"
0
0
"SQL,R"
0
0
R
0
R
0
R
R
R
R
0
"Python,SQL,R,Java,Tableau"
"SQL,R,Java,SAS,Oracle,Microsoft-Office"
0
"SQL,R,SAS,Oracle,Microsoft-SQL-Server"
0
"SQL,R,Java,Tableau"
R
"R,Tableau"
R
R
"SQL,R,Oracle,Data-Analysis"
"SQL,R,Tableau"
R
"SQL,R,Tableau,SAS"
"SQL,R"
0
"SQL,R"
"SQL,R,Tableau,SAS"
"R,Oracle"
"SQL,R,Tableau,AI"
"R,SAS"
R
"R,Microsoft-Office"
"R,Tableau,Microsoft-Office"
"SQL,R,Tableau"
0
"R,Microsoft-Office"
0
"Python,SQL,Machine-Learning,R,Spark,SAS,TensorFlow"
R
"SQL,R"
"R,Tableau,Oracle"
R
0
"Python,R,Java,Linux"
R
R
R
R
"R,Oracle,AI"
"R,Tableau"
R
"R,Tableau"
"Python,R,Tableau"
"R,Microsoft-Office"
R
"Python,R,Java"
R
"Python,Machine-Learning,R,Hadoop,Spark,Java,Big-Data,Scala,Azure"
R
"SQL,R"
R
R
R
"Python,SQL,R"
0
"SQL,R"
R
"R,Oracle"
R
"SQL,R"
R
0
"SQL,R"
0
"R,AI"
R
"SQL,R,Tableau,Oracle"
R
"R,AI"
R
"Python,SQL,Machine-Learning,R,Tableau,AI,Data-Analysis"
R
R
R
0
R
"Python,SQL,R,Tableau"
R
"Java,Big-Data"
"R,Oracle"
R
0
R
"SQL,R,Data-Analysis,Microsoft-Office"
"Python,SQL,Microsoft-Office"
R
"SQL,R,Microsoft-Office"
R
"Python,SQL,R,Hadoop,Hive,SAS"
R
R
"SQL,R,Tableau,SAS,Microsoft-Office"
R
"SQL,Java,Tableau,SAS,Oracle"
"Python,SQL,R"
R
R
0
SQL
"SQL,R,Microsoft-Office"
"Python,SQL,AI"
"Python,SQL,R,Java,Tableau,SAS,AI"
R
R
"SQL,R,Tableau,AI"
R
"SQL,R"
"Python,SQL,R"
R
0
R
"SQL,R"
R
"SQL,R,Tableau,Data-Warehouse"
R
"R,Azure"
"SQL,R,SAS"
"R,AI"
"Python,SQL,R,Tableau,SAS"
"R,Spark,Tableau,AWS,Linux"
"Python,SQL,R,AWS"
"R,Tableau,Microsoft-Office"
0
R
R
R
0
"SQL,R"
R
"Python,R,Java,AWS,Azure"
"R,AI"
"R,AI"
"Python,SQL,R,Tableau"
"SQL,R,Tableau,SAS,Microsoft-Office"
"R,AI"
R
"SQL,R,Java,Oracle"
R
"R,Tableau"
0
0
R
0
"SQL,R,Oracle,Microsoft-Office"
"SQL,R,Big-Data,Oracle,Azure"
R
"Python,SQL,R,Tableau,SAS"
R
"SQL,R,AI"
"R,Tableau"
"Python,SQL,R,Tableau,SAS,Oracle,MATLAB,Microsoft-Office"
0
0
"R,Microsoft-Office"
"SQL,R"
R
R
"SQL,R"
"Python,SQL,R"
"Python,Machine-Learning,R,Tableau"
0
"Python,SQL,R,Java,Tableau,SAS,AI"
SQL
"SQL,R"
0
0
"SQL,Tableau"
"R,Microsoft-Office"
0
"SQL,R,Tableau"
"R,Microsoft-Office"
"SQL,R"
"SQL,R,Tableau,Oracle"
R
"SQL,R,Tableau,Data-Warehouse"
"Python,SQL,R,Tableau,Microsoft-SQL-Server,Microsoft-Office"
0
R
"SQL,R,Microsoft-Office"
0
0
"R,Microsoft-Office"
0
R
"SQL,R,Microsoft-Office"
"Python,SQL,R,Tableau,Microsoft-Office"
0
"SQL,R,Hadoop,Tableau"
"SQL,R"
R
"SQL,R"
"SQL,R,SAS"
"R,AI"
0
"SQL,R,Tableau,Data-Analysis"
"SQL,Tableau,Oracle"
0
0
0
"Python,SQL,R"
R
"Python,SQL,R,Tableau,SAS"
0
"SQL,R"
0
0
R
0
"SQL,R,Oracle"
0
0
"Python,SQL,R,AWS"
"R,AI"
"Python,SQL,R,Tableau"
"SQL,R,Tableau,AI"
"Python,SQL,R,Java,Tableau,SAS"
"SQL,R,SAS,Microsoft-Office"
"SQL,R,Tableau"
"SQL,R,SAS"
"SQL,R"
"R,Microsoft-Office"
"SQL,R,AI"
"R,AI"
R
R
"Python,SQL,R,Tableau,Microsoft-Office"
"R,Tableau"
"R,AI"
"R,AI"
0
R
"R,Azure"
"SQL,R"
"SQL,R,Big-Data,Oracle,Azure"
R
R
"SQL,R,Tableau"
R
"SQL,R,Tableau,AI"
R
"SQL,R"
R
"SQL,R"
"Python,SQL,R,Tableau,SAS"
R
"R,Tableau"
0
R
"SQL,R,Tableau"
R
"SQL,R"
R
R
R
"R,Tableau,Microsoft-Office"
"Python,SQL,R,Tableau"
R
"SQL,R"
"R,Tableau"
0
0
R
R
R
R
R
0
0
"Python,SQL,R,SAS,NoSQL,MATLAB"
"R,Spark,Tableau,AWS,Linux"
"SQL,R"
R
R
"SQL,R"
R
"Python,SQL,R,Tableau"
"R,AI,Microsoft-Office"
"R,Oracle"
"Machine-Learning,R,Tableau,AWS,Natural-Language-Processing,AI"
"Python,SQL,Hadoop,Spark,Java,Tableau,Big-Data,Data-Warehouse,Linux"
"Python,SQL,R,Java,Tableau,Big-Data,Data-Warehouse,Linux"
"R,Microsoft-Office"
0
0
0
0
R
R
0
0
R
0
R
0
0
"SQL,R,AI,Microsoft-Office"
0
0
0
R
0
"SQL,R,Azure"
0