,0
skill_ Project / Program Management,0.0
"skill_""Drivers License""",0.0
skill_.Net,0.0
skill_3G,0.0
skill_4G/LTE,0.0
skill_ACH,0.0
skill_ADAS,0.0
skill_AI,0.002801860002782937
skill_AJAX,0.0
skill_APICS Certification,0.0
skill_AWS,0.04713385946161983
skill_Accounting,0.0
skill_Acquisition Strategy,0.0
skill_Active Directory,0.0
skill_Adobe Acrobat,0.0
skill_Adobe Creative Suite,0.0
skill_Adobe InDesign,0.0
skill_Adobe Marketing,0.0
skill_Adobe Photoshop,0.0
skill_Affiliate Marketing,0.0
skill_Agriculture,0.0
skill_Akka,0.0
skill_Alteryx,0.0
skill_Analysis Skills,0.0
skill_Android,0.0
skill_Angular,0.0
skill_Ansible,0.0
skill_Ant,0.0
skill_Apache,0.0
skill_Application Support,0.0
skill_ArcGIS,0.0
skill_Attribution Modeling,0.0
skill_Audits,0.0
skill_Aviation Experience,0.0
skill_Azure,0.003728453189535062
skill_B2B Sales,0.0
skill_BC/BE,0.0
skill_BGP,0.0
skill_Basic Computer Skills,0.0
skill_Big Data,0.006731197191392002
skill_Bilingual,0.0
skill_Bioinformatics,0.0
skill_Biostatistics,0.0
skill_Bootstrap,0.0
skill_Build Automation,0.0
skill_Business Analysis,0.0
skill_Business Intelligence,0.0006148156251411965
skill_Business Management,0.0
skill_Business Process Reengineering,0.0
skill_C#,0.0002488278980183076
skill_C/C++,0.0043054287698516365
skill_CAD,0.0
skill_CAD Software,0.0
skill_CCDA,0.0
skill_CCNA,0.0
skill_CCNA Security,0.0
skill_CCNP,0.0
skill_CDISC Standards,0.0
skill_CEH,0.0
skill_CFE,0.0
skill_CGMP,0.0
skill_CI,0.0
skill_CI/CD,0.00025955814534320406
skill_CISM,0.0
skill_CISSP,0.0
skill_CPA,0.0
skill_CPHQ,0.0
skill_CPT Coding,0.0
skill_CSS,0.0
skill_CSSLP,0.0
skill_Calculus,0.0
skill_Calibration,0.0
skill_Cash Flow Analysis,0.0
skill_Cassandra,0.0010478224395945427
skill_Cell Biology,0.0
skill_CentOS,0.0
skill_Cerner,0.0
skill_Certified Compensation Professional,0.0
skill_Certified Compliance And Ethics Professional,0.0
skill_Certified Information Systems Auditor,0.0
skill_Certified Internal Auditor,0.0
skill_Certified Management Accountant,0.0
skill_Certified Project Manager,0.0
skill_Certified Scrum Master,0.0
skill_Change Management,0.0
skill_Chartered Financial Analyst,0.0
skill_Chef,0.0
skill_Cisco Routers,0.0
skill_Clean Driving Record,0.0
skill_Clinical Research,0.0
skill_Clinical Trials,0.0
skill_Clojure,0.0
skill_Cloud Computing,0.0
skill_Coaching Experience,0.0
skill_CompTIA Network+,0.0
skill_CompTIA Security+,0.0
skill_Compliance Management,0.0
skill_Computer Graphics,0.0
skill_Conflict Management,0.0
skill_Confluence,0.0
skill_Content Management Systems,0.0
skill_Continuous Improvement,0.0
skill_Control-M,0.0
skill_Conversion Optimization,0.0
skill_Cordova,0.0
skill_Crystal Reports,0.0
skill_Customer Segmentation,0.0
skill_Customer Service,0.0
skill_Cybersecurity,0.0
skill_DB2,0.0015272140690411797
skill_DHCP,0.0
skill_DNS,0.0
skill_Data Analysis,0.01089373622123879
skill_Data Management,0.0
skill_Data Mining,0.01788915579931066
skill_Data Science,0.0036974644516458766
skill_Data Warehouse,0.0054997733192845635
skill_Database Administration,0.0
skill_Database Marketing,0.0
skill_Design Controls,0.0
skill_Design Experience,0.001036558633116114
skill_Design Patterns,0.0
skill_Digital Marketing,0.0
skill_Distributed Control Systems,0.0
skill_DoD 8570,0.0
skill_Docker,0.0005257539428301401
skill_Doubleclick,0.0
skill_Drupal,0.0
skill_DynamoDB,0.0012216220427758932
skill_E-Commerce,0.0
skill_ERP Systems,0.0
skill_Eclipse,0.0
skill_Elasticsearch,0.0
skill_Ellucian,0.0
skill_Email Marketing,0.0
skill_Embedded Software,0.0
skill_Ember,0.0
skill_Employee Evaluation,0.0
skill_Enrolled Agent,0.0
skill_Epic,0.0
skill_Epic Certification,0.0
skill_Epidemiology,0.0
skill_Erlang,0.0
skill_Excel,0.03681774933091801
skill_Experimental Design,0.0
skill_FINRA License,0.0
skill_FIPS,0.0
skill_FISMA,0.0
skill_FPGA,0.0
skill_FTP,0.0
skill_Facebook Advertising,0.0
skill_FedRAMP,0.0
skill_FileMaker,0.0
skill_Financial Accounting,0.0
skill_Financial Modeling,0.0
skill_Firewall,0.0
skill_Fortran,0.0
skill_Front-End Development,0.0
skill_GAAP,0.0
skill_GIS,0.0
skill_GPEN,0.0
skill_GSEC,0.0
skill_Genetics,0.0
skill_Git,0.0
skill_Go,0.0
skill_Google AdWords,0.0
skill_Google Analytics,0.0
skill_Google Cloud Platform,0.0005457442242987829
skill_Google Search Console,0.0
skill_Google Suite,0.0
skill_Grant Writing,0.0
skill_GraphQL,0.0
skill_HBase,0.01122751217538124
skill_HDI Certification,0.0
skill_HP ALM,0.0
skill_HTML5,0.0
skill_HTTPS,0.0
skill_Hadoop,0.07762634598184212
skill_Haskell,0.0
skill_Heroku,0.0
skill_Hibernate,0.0
skill_Hive,0.005429314951162983
skill_HubSpot,0.0
skill_Hyperion,0.0
skill_IAT,0.0
skill_IAT Level I,0.0
skill_IAT Level II,0.0
skill_ICD Coding,0.0
skill_ICD-10,0.0
skill_ICD-9,0.0
skill_ICU,0.0
skill_IDS,0.0
skill_IFRS,0.0
skill_IIS,0.0
skill_IPsec,0.0
skill_ISO 9001,0.0
skill_IT Experience,0.0
skill_ITIL,0.0
skill_IVR,0.0
skill_IaaS,0.0
skill_Identity And Access Management,0.0
skill_Image Processing,0.0015665598734171046
skill_Immunoassays,0.0
skill_InVision,0.0
skill_Informatica,0.00021234417602855713
skill_Information Security,0.0
skill_Integrated Library System,0.0
skill_Intelligence Community Experience,0.0
skill_Intelligence Experience,0.0
skill_Internal Audits,0.0
skill_JBoss,0.0
skill_JD Edwards,0.0
skill_JNCIA,0.0
skill_JSON,0.0003983563215446667
skill_Java,0.01407260580234837
skill_JavaScript,0.0007314398769665012
skill_Jenkins,0.0
skill_Jira,0.0
skill_Juniper,0.0
skill_Kafka,0.006495059944853246
skill_Kanban,0.0
skill_Kubernetes,0.0
skill_LAMP Stack,0.0
skill_LDAP,0.0
skill_LMRT,0.0
skill_LMS,0.0
skill_Laboratory Experience,0.0
skill_Leadership Experience,0.012395581221200769
skill_Lean,0.0
skill_Lean Manufacturing,0.0
skill_Learning Technology,0.0
skill_Legal Research,0.0
skill_Linux,0.0037597096615739887
skill_Load Balancing,0.0
skill_Lua,0.0
skill_Lucene,0.0
skill_MATLAB,0.002114062526785242
skill_MCITP,0.0
skill_MCP,0.0
skill_MCSA,0.0
skill_MCSD,0.0
skill_MCSE,0.0
skill_MCTS,0.0
skill_MPLS,0.0
skill_Mac OS,0.0
skill_Machine Learning,0.2552374084734684
skill_Magento,0.0
skill_Malware Analysis,0.0
skill_Managed Care,0.0
skill_Management Consulting,0.0
skill_Management Experience,0.0
skill_Marketing,0.0037774685343530475
skill_Marketing Automation,0.0
skill_Marketing Mix Modeling,0.0
skill_Marketo,0.0
skill_Martech,0.0
skill_Maven,0.0
skill_Maya,0.0
skill_Media Buying,0.0
skill_Medical Coding,0.0
skill_Medical Imaging,0.0
skill_Medical Insurance,0.0
skill_Medical Terminology,0.0
skill_Mesos,0.0
skill_MicroStation,0.0
skill_Microsoft Access,0.0025171445327753193
skill_Microsoft Office,0.02343222400480229
skill_Microsoft Powerpoint,0.007370412432355343
skill_Microsoft Project,0.0
skill_Microsoft SQL Server,0.0046180136388619996
skill_Microsoft Windows Server,0.0
skill_Microsoft Word,0.0
skill_Military Experience,0.0
skill_Minitab,0.0
skill_Molecular Biology,0.0
skill_MongoDB,0.0033330285519725406
skill_Multichannel Marketing,0.0
skill_MySQL,0.00029657102587784704
skill_NCQA Standards,0.0
skill_NFS,0.0
skill_NGINX,0.0
skill_NIST,0.0
skill_Natural Language Processing,0.009875273397260353
skill_Network,0.0
skill_Network Engineering,0.0
skill_Network Infrastructure,0.0
skill_Network Security,0.0
skill_New Relic,0.0
skill_Next Generation Sequencing,0.0
skill_NoSQL,0.009469705861057677
skill_Node.js,0.0
skill_Nursing Experience,0.0
skill_OBIEE,0.0
skill_OOP,0.0
skill_OSPF,0.0
skill_Objective-C,0.0
skill_Omnigraffle,0.0
skill_Omniture,0.0
skill_OpenStack,0.0
skill_Operations Research,0.0
skill_Oracle,0.0037765973231568945
skill_Oracle EBS,0.0
skill_PCI,0.0
skill_PHP,0.0
skill_PL/SQL,0.0
skill_PMP,0.0
skill_PPC Campaign Management,0.0
skill_PaaS,0.0
skill_Pardot,0.0
skill_Payroll,0.0
skill_Pentaho,0.0
skill_PeopleSoft,0.0
skill_Perforce,0.0
skill_Performance Marketing,0.0
skill_Perl,0.0050996446307634636
skill_Pharmacy Residency,0.0
skill_Pig,0.00024933433695142453
skill_PostGIS,0.0
skill_PostgreSQL,0.0007122207331611182
skill_Power BI,0.002457451472011273
skill_PowerShell,0.0
skill_Predictive Analytics,0.0
skill_Process Engineering,0.0
skill_Process Improvement,0.0
skill_Process Management,0.0
skill_Process Mapping,0.0
skill_Product Demos,0.0
skill_Professional In Human Resources,0.0
skill_Program Management,0.0
skill_Programmable Logic Controllers,0.0
skill_Project Engineering,0.0
skill_Project Implementation,0.0
skill_Project Leadership,0.0
skill_Project Management,0.0021126677063166366
skill_Project Management Methodology,0.0
skill_Project Planning,0.0
skill_Public Relations,0.0
skill_Public Speaking,0.0
skill_Puppet,0.0
skill_Python,0.07289692216612025
skill_QlikView,0.0
skill_Qualitative Research,0.0
skill_Quality Control,0.0
skill_Quality Management,0.0
skill_Qualtrics,0.0
skill_Quantitative Analysis,0.0008301282576666561
skill_Quantitative Research,0.0
skill_R,0.016539855908715994
skill_REST,0.0
skill_RHCE,0.0
skill_RHIA,0.0
skill_RHIT,0.0
skill_RMF,0.0
skill_RN,0.0
skill_React,0.0
skill_Red Hat Enterprise Linux,0.0
skill_Redis,0.0
skill_Regulatory Reporting,0.0
skill_Remote Access Software,0.0
skill_Research Laboratory Experience,0.0
skill_Responsive Web Design,0.0
skill_Retail Link,0.0
skill_Routing Protocols,0.0
skill_Ruby,0.0018468520913316815
skill_Rust,0.0
skill_S3,3.355158229079151e-05
skill_SAP,0.0008115999648549659
skill_SAS,0.007529784943880594
skill_SDLC,0.0
skill_SEO,0.0
skill_SHRM Certified Professional,0.0
skill_SOAP,0.0
skill_SOX,0.0
skill_SPARQL,0.0
skill_SPSS,0.0037985449740500893
skill_SQL,0.029879183238441524
skill_SQLite,0.0
skill_SSCP,0.0
skill_SSH,0.0
skill_SSL,0.0
skill_STATA,0.0
skill_SVN,0.0
skill_SaaS,0.0
skill_Sailpoint,0.0
skill_Sales Experience,0.0
skill_Salesforce CRM,0.0
skill_Salesforce Marketing Cloud,0.0
skill_Scala,0.014981718868866905
skill_Scripting,0.005880272324372256
skill_Selenium,0.0
skill_Sentiment Analytics,0.0
skill_Service-Oriented Architecture,0.0
skill_SharePoint,0.00019148646628643125
skill_Shell Scripting,0.0007474566565178021
skill_Signal Processing,0.0
skill_Six Sigma,0.0
skill_Six Sigma Certification,0.0
skill_Social Media Management,0.0
skill_Software Development,0.0011493419303979986
skill_Software Testing,0.0
skill_Software Troubleshooting,0.0
skill_Solarwinds,0.0
skill_Solr,0.0023072561485309386
skill_Spark,0.17389303351696225
skill_Splunk,7.515528173357497e-06
skill_Spring,0.0
skill_Statisical Analysis,0.0015476164851552692
skill_Statistical Software,0.0006157632844288848
skill_Strategic Planning,0.0
skill_Struts,0.0
skill_Supervising Experience,0.0
skill_Supply Chain Experience,0.0
skill_Survey Design,0.0
skill_Survival Analysis,0.0
skill_Swift,0.0
skill_Sybase,0.0
skill_System Administration,0.0
skill_System Design,0.0
skill_T-SQL,0.0
skill_TCP,0.0
skill_TCP/IP,0.0
skill_TFS,0.0
skill_TS/SCI Clearance,0.009382681518050018
skill_Tableau,0.021867102641196883
skill_Teaching Experience,0.0
skill_Technical Project Management,0.0
skill_Technical Support,0.0
skill_Technical Writing,0.0
skill_Telecommunication,0.0
skill_TensorFlow,0.005590677185441695
skill_Teradata,0.0014689033828001385
skill_Test Automation,0.0
skill_TestNG,0.0
skill_Threading,0.00798528957504001
skill_Time Management,0.0
skill_Tomcat,0.0
skill_Transportation Management,0.0
skill_Troubleshooting,0.0
skill_UI,0.0
skill_UX,0.0
skill_Ubuntu,0.0
skill_UltiPro,0.0
skill_Unit Testing,0.0
skill_Unity,0.0
skill_VMWare,0.0
skill_VersionOne,0.0
skill_Visio,7.79062675318363e-05
skill_Visual Basic,0.0012489011669057602
skill_Visual Studio,0.0
skill_Web Development,0.0
skill_WebSphere,0.0
skill_Weka,0.0
skill_Windows,0.0
skill_Wireframing,0.0
skill_WordPress,0.0
skill_Workday,0.0
skill_XML,0.0
skill_XQuery,0.0
skill_XSLT,0.0
skill_Xero,0.0
skill_ZooKeeper,0.0
skill_iOS,0.0
skill_iWork,0.0
skill_openSUSE,0.0
